id,domain,status,purchase_price,renewal_price,attractiveness,demand,length,registrar,created_at,expires_at
001053c0-8120-4ff4-ab14-f4718a211022,findingout.sex,available,154.98,,58,2,11,namecheap,,
0010e731-de98-4345-bd06-ac2f48900104,whichiswhich.sex,available,154.98,,38,2,14,namecheap,,
0013d530-5cbc-42f0-97f0-cba893d18aad,anangelpasses.sex,available,154.98,,42,2,15,namecheap,,
001911d6-d1fa-422a-aec4-9e4f685a501f,partyto.sex,available,154.98,,53,1,8,namecheap,,
001d1827-73d3-4dd7-b72f-ec9708804e3f,getwiththeprogram.sex,available,154.98,,69,2,20,namecheap,,
003671a8-21b9-4901-b632-0be6a305fe1b,interpersonal.sex,available,179.99,,66,7,13,name.com,,
003ba75d-d773-4758-9e55-edce859ac88a,named.sex,available,154.98,,74,10,5,namecheap,,
0043defc-1b02-4973-b70d-54b9df8ab803,definitively.sex,available,154.98,,64,1,12,namecheap,,
00577829-5317-43b5-9b95-d330cd5509a6,nuthin.sex,available,179.99,,62,2,6,name.com,,
005a237b-3a84-4a46-81c8-d74ecdcde822,belike.sex,available,154.98,,74,7,7,namecheap,,
0079d7d5-192e-47ea-949b-05705899bccd,JusticeofthePeace.sex,available,154.98,,62,2,20,namecheap,,
00829540-0acf-47bb-b2b2-c4e2cc4ec326,bubbles.sex,available,154.98,,72,21,7,namecheap,,
008c6282-1f78-485b-b12f-b3ff85818189,flights.sex,available,154.98,,61,22,7,namecheap,,
00925986-03d2-4847-9ffd-7da9580f50f0,makefirstbase.sex,available,154.98,,42,1,15,namecheap,,
00a132af-d341-4482-8538-e8bc98143f63,executiveprivilege.sex,available,154.98,,62,1,19,namecheap,,
00a4f74f-b307-45bf-89f8-d727f3cfb3e6,orderin.sex,available,154.98,,77,5,8,namecheap,,
00b03e83-690a-4f6b-a92b-1d43b0d29327,getoffeasy.sex,available,154.98,,58,1,12,namecheap,,
00b06067-e2c7-4e8a-bb3c-132467432e61,havenoidea.sex,available,154.98,,74,1,12,namecheap,,
00b2fbfb-2b42-44d1-8ecf-6fe7fb3f40c1,lorditup.sex,available,154.98,,52,1,10,namecheap,,
00bf1e4c-df3e-42d2-96eb-b7a657eee603,conventionally.sex,available,154.98,,50,1,14,namecheap,,
00cc8423-0ffb-4979-bc41-c5f27cb096b5,lists.sex,available,154.98,,60,14,5,namecheap,,
00cf7b94-5cbe-4aa9-8c22-147262334629,deepinthought.sex,available,154.98,,52,1,15,namecheap,,
00eb1413-43fe-462c-8b7e-308701a371cf,primadonna.sex,available,154.98,,68,9,11,namecheap,,
00eb2bec-335d-466d-b280-56004c29f013,inregardsto.sex,available,154.98,,46,1,13,namecheap,,
0143ba5f-0f68-4e91-b315-020e4860f390,storms.sex,available,154.98,,60,10,6,namecheap,,
01488bc8-d5a4-465a-88cb-56e528063c51,Henri.sex,available,154.98,,66,15,5,namecheap,,
01502a8f-52bd-49e0-a7e1-e62ae9a59db6,myapologies.sex,available,154.98,,78,1,12,namecheap,,
016fc912-762c-4120-b2e2-b5e730c13c20,howdoyoulike.sex,available,154.98,,52,5,15,namecheap,,
0182132e-7e60-4d8c-9570-be3b8729be68,breaks.sex,available,154.98,,52,10,6,namecheap,,
019f9ead-cc19-46f2-8f68-6c056dc28a99,jetlag.sex,available,154.98,,72,17,7,namecheap,,
019fd902-ca72-435d-b604-82cb6aeec92a,endorsee.sex,available,154.98,,74,1,8,namecheap,,
01a1b9fa-15c7-41ca-87d9-1855ccc16247,wellbuilt.sex,available,154.98,,78,7,10,namecheap,,
01ab3972-6762-441e-84cc-22e0dca5d440,typed.sex,available,154.98,,70,11,5,namecheap,,
01b1b587-604c-40cd-99d8-504ac22fbe1d,swallowup.sex,available,154.98,,76,0,10,namecheap,,
01bcb732-1863-47e3-b0d4-0cec7bdafbf3,commonlaw.sex,available,154.98,,68,7,10,namecheap,,
01c43124-48ba-4938-a2a3-6883dcf29afe,transparency.sex,available,154.98,,86,23,12,namecheap,,
01c88a90-29ac-492a-8d32-839deffeb03d,tabletennis.sex,available,154.98,,80,14,12,namecheap,,
01ce6eb2-eafc-4b24-aae8-8dbdb60dabe7,inthisinstance.sex,available,154.98,,44,1,16,namecheap,,
01d2f7f2-fa01-4a1d-8d13-9487b22d21b2,getofflightly.sex,available,154.98,,70,1,15,namecheap,,
01ee1c19-957c-4422-a2d6-92c84cf53c08,NewDelhi.sex,available,154.98,,72,10,9,namecheap,,
01efcc48-db13-47c7-ad74-8a8c11178f7b,reston.sex,available,154.98,,75,10,7,namecheap,,
01fb541e-563d-4729-8bb9-aecd4c22cb27,mynameis.sex,available,154.98,,50,11,10,namecheap,,
0211e081-83f1-49ee-8cd6-a068fed76680,homes.sex,available,154.98,,86,34,5,namecheap,,
021a079d-209b-41bb-b3ef-a8837e15dbb2,stronger.sex,available,154.98,,67,19,8,namecheap,,
02213f02-031c-403d-a496-06977962be65,Idonotknowit.sex,available,154.98,,50,4,16,namecheap,,
0221aac7-1b16-4edb-9ae0-b1436a676e47,givealight.sex,available,154.98,,72,10,12,namecheap,,
0232dbe0-e444-4bbc-857d-c54269cc6d8e,whothehell.sex,available,154.98,,42,1,12,namecheap,,
0243fc40-86c7-480a-9fc8-2f5312ae0132,bowlofcherries.sex,available,154.98,,68,13,16,namecheap,,
0249a3ae-6403-4087-a131-35f58074f637,underarrest.sex,available,154.98,,62,1,12,namecheap,,
024bde2c-727f-44a3-bdef-53f27ab15777,divinegrace.sex,available,154.98,,68,3,12,namecheap,,
0253a498-40ed-45a4-8b99-1c743dada6b8,makefriendswith.sex,available,154.98,,58,1,17,namecheap,,
026b0f39-09a4-46b5-9376-39bd3c44cab5,makeout.sex,available,154.98,,76,4,8,namecheap,,
026c2b17-82d1-4276-860b-f1768413c4d4,badmintoncourt.sex,available,154.98,,68,1,15,namecheap,,
028c43ad-f8ad-4891-9cb9-264445b300a1,vitamins.sex,available,154.98,,60,17,8,namecheap,,
02942160-2952-4cf9-bce4-57842f5bd15e,onethird.sex,available,154.98,,44,16,9,namecheap,,
02a7a23e-197e-4240-a0c8-0563dc735ff8,giveitupfor.sex,available,154.98,,46,12,14,namecheap,,
02b2d6f4-1250-43f9-ad47-a9a6bd8a8db9,comeoutwith.sex,available,154.98,,68,1,13,namecheap,,
02c9a9d1-52f3-4371-9d35-ac1ab6d7b701,GermanReich.sex,available,154.98,,56,1,12,namecheap,,
02dba380-3521-4821-8176-27fbdb6244d0,consumption.sex,available,154.98,,72,6,11,namecheap,,
02e35971-3d76-4c65-8ed3-f3a00481579b,citylights.sex,available,154.98,,72,10,11,namecheap,,
02e6f70d-f76c-41dd-8254-17b2e7a20bb5,organisational.sex,available,154.98,,54,1,14,namecheap,,
02e779b1-58dc-4268-b2b9-dc91ba6df4c6,setabout.sex,available,154.98,,73,1,9,namecheap,,
02f0f415-1875-4561-922a-ba1ac39a3232,socialjustice.sex,available,154.98,,68,6,14,namecheap,,
02fd3ce6-64a7-41e6-873d-c02cbdaedcf4,skateboarding.sex,available,154.98,,64,11,13,namecheap,,
0309348f-4b99-47b3-afff-86e80e725380,hotsauce.sex,available,154.98,,76,14,9,namecheap,,
032dcf94-7a9e-4f5e-8ec1-aaf2f1c28eda,finalyearproject.sex,available,154.98,,66,2,18,namecheap,,
0340ad80-3056-4e99-b470-98eea6a64444,plateup.sex,available,154.98,,74,2,8,namecheap,,
0343c743-a2ad-408c-9e03-ee0833d92e9a,abovethescroll.sex,available,154.98,,40,1,16,namecheap,,
0361beb8-3b64-47e9-a26f-885d1c31dfec,inthehand.sex,available,154.98,,52,5,11,namecheap,,
03666b9b-1bf1-4244-96a6-193b40639007,wowfactor.sex,available,154.98,,80,6,10,namecheap,,
036f4b25-86c9-48e8-ad5c-fcc1787e2928,exclaims.sex,available,154.98,,50,1,8,namecheap,,
0375b7bb-a8ec-417f-9b27-582069028fe8,indespiteof.sex,available,154.98,,41,1,13,namecheap,,
03962c32-731d-4424-839f-bf3530fee0a0,feeltheburn.sex,available,154.98,,76,2,13,namecheap,,
03a4301b-bf5c-489b-aa2e-383943d05d69,Trumpian.sex,available,154.98,,62,3,8,namecheap,,
03a8b31b-9469-4adb-9bba-82744e87283c,inlightof.sex,available,154.98,,56,1,11,namecheap,,
03b4e4a8-bfd9-4fe6-9068-004c6ebaf3d6,transitions.sex,available,154.98,,56,14,11,namecheap,,
03bdafab-9ec2-4a3d-a4d1-23066d37ed9c,seperation.sex,available,154.98,,48,2,10,namecheap,,
03e37e1c-86ba-43d2-9559-f5bd319a69ba,takepart.sex,available,154.98,,80,5,9,namecheap,,
03e3ddcf-5284-40c9-aa9e-edf619cd8ba5,thickandthin.sex,available,154.98,,65,2,14,namecheap,,
03e785b8-4351-43c2-babf-22490ac9b243,letterofdismissal.sex,available,154.98,,44,1,19,namecheap,,
03f15e55-e2a6-41fc-a375-c226c254c651,asperusual.sex,available,154.98,,48,1,12,namecheap,,
03f50912-9b0e-45de-850d-cd3e14619e3e,nails.sex,available,154.98,,62,18,5,namecheap,,
0400e741-a490-434c-bb70-e5c701c12d3e,strawberryred.sex,available,154.98,,51,2,14,namecheap,,
04265e5c-fe4a-4249-8b23-e23af6417a08,rented.sex,available,154.98,,54,8,6,namecheap,,
042a19a4-b505-419a-9138-eba4f789e964,IsleofSheppey.sex,available,154.98,,52,1,15,namecheap,,
0455c03b-9365-404a-9fe5-739ec39f687c,receptionchair.sex,available,154.98,,64,1,15,namecheap,,
0464006b-1864-437c-98f9-152fe566647f,emailstorm.sex,available,154.98,,66,1,11,namecheap,,
04715ed7-fe14-424a-baf4-15453cf3636c,goonrecord.sex,available,154.98,,70,1,12,namecheap,,
048e6842-8ccf-4601-b6b9-02411b644cd0,wives.sex,available,154.98,,62,6,5,namecheap,,
04cfa7f4-4030-47c5-b6cf-12b3f2905e8f,techsupport.sex,available,154.98,,76,18,12,namecheap,,
04e1b4bb-20e4-4495-aa11-262164021650,shortest.sex,available,154.98,,54,6,8,namecheap,,
04e7e299-be4f-4e53-8e1d-955a94bd9fae,NewRochelle.sex,available,154.98,,60,3,12,namecheap,,
051d0bde-4410-420b-9cbb-92e50e793336,emoji.sex,available,154.98,,88,37,5,namecheap,,
052fb655-8833-4948-aaf1-b4dc2c0957d5,explained.sex,available,154.98,,50,10,9,namecheap,,
053c3d70-fe0a-4129-bd98-83f017d98a6f,advantages.sex,available,154.98,,64,5,10,namecheap,,
056b6566-0965-4f62-afd9-1de3cb33eede,megeneration.sex,available,154.98,,60,1,13,namecheap,,
0574f3a8-6df2-4b9f-b5fb-df2c7f571d1a,whitevinegar.sex,available,154.98,,66,12,13,namecheap,,
05821e90-1b14-41cf-b9dc-27f02a4d00d3,Westcott.sex,available,154.98,,58,10,8,namecheap,,
05838f63-d7f7-4fc0-8a54-87c76cfb0a58,hardcurrency.sex,available,154.98,,68,5,13,namecheap,,
058cbd50-501f-43bc-b3aa-48d1d03e6507,DakotaCity.sex,available,154.98,,60,4,11,namecheap,,
059b414f-da27-4278-a71c-997f3690f4e2,QandA.sex,available,154.98,,80,10,7,namecheap,,
05b259c4-9192-4b03-bb76-8ac0dcd12b23,Germanpizza.sex,available,154.98,,82,1,12,namecheap,,
05bd92f8-b275-4deb-a7db-086203066531,Ilostmybag.sex,available,154.98,,50,1,13,namecheap,,
05cb57e1-d750-4199-a2fc-990363d87bbd,inthreedays.sex,available,154.98,,44,1,13,namecheap,,
05ce2592-8bad-49b8-a0e2-317c5bb2fe62,NewWorld.sex,available,154.98,,83,20,9,namecheap,,
05cf709e-b47c-4bb0-adfb-9bd769b0f591,keepfrom.sex,available,154.98,,52,1,9,namecheap,,
05dcfab3-9f57-41af-84ac-c2dcf455acdb,missinginaction.sex,available,154.98,,56,10,17,namecheap,,
05ef5056-9bc2-43b8-b702-980ff58278a7,manyattimes.sex,available,154.98,,54,1,13,namecheap,,
05f97ed5-c75a-4c23-9332-8303f215fe20,inwriting.sex,available,154.98,,72,3,10,namecheap,,
0612c8d7-6d7d-45d6-a0e6-3d68cb7640f8,thinktoomuch.sex,available,154.98,,60,7,14,namecheap,,
061e53fa-9608-4212-b1cb-66e2547a960b,sesameoil.sex,available,154.98,,78,2,10,namecheap,,
06237e7b-4b9f-4899-aaf2-940775def5a0,movingforward.sex,available,154.98,,56,8,14,namecheap,,
0628cf37-4acc-4c67-ad40-665992eb7a09,chaitea.sex,available,154.98,,86,3,8,namecheap,,
063d5b19-443b-4048-a8ea-6349e72e239a,macaroniandcheese.sex,available,154.98,,72,2,19,namecheap,,
0644ed09-8344-4558-81da-e56f5ed304fa,asperyourrequest.sex,available,154.98,,48,1,19,namecheap,,
065ef832-9fe7-4549-a648-df4319eb196d,BlackTuesday.sex,available,154.98,,44,12,13,namecheap,,
0665d8ce-7409-4040-954b-69b10ded0bf3,deepsleep.sex,available,154.98,,80,11,10,namecheap,,
066b3d9d-2101-4d4e-be24-d13506e29a8f,postponement.sex,available,154.98,,57,1,12,namecheap,,
069ff164-c1d0-4760-8868-74ac89ed5aae,disinfection.sex,available,154.98,,74,5,12,namecheap,,
06a813ea-f740-4fec-a0dd-162bcc40dc54,generalpurpose.sex,available,154.98,,58,5,15,namecheap,,
06bb6b27-7c37-4f08-98ed-1924137df88b,exercisebicycle.sex,available,154.98,,66,1,16,namecheap,,
06bf2e7e-7b15-4f29-87b9-d643345dc2c9,planes.sex,available,154.98,,67,13,6,namecheap,,
06cb02d4-eed7-4a00-8ce4-b925545c350e,namenames.sex,available,154.98,,68,1,10,namecheap,,
06e83197-8ed0-4615-a2bf-a490e9ee553f,mentioned.sex,available,154.98,,56,6,9,namecheap,,
06f1d4ca-a1b1-4d7d-b0a4-d758501fab6b,Wikipedias.sex,available,154.98,,53,2,10,namecheap,,
06faf7bf-93e8-4440-8812-a98ffd4155f5,ofall.sex,available,154.98,,42,7,6,namecheap,,
06fc677b-c6af-4f84-8bef-7cd06208c7fd,Rihanna.sex,available,154.98,,81,10,7,namecheap,,
06fe3b2c-3a22-4a8c-9597-424d9306e0ab,quartertone.sex,available,154.98,,70,3,12,namecheap,,
071d0b31-3f0c-482e-b649-f1f7052e4cff,compositionbook.sex,available,154.98,,68,0,16,namecheap,,
0720a4c8-f1da-4449-b8a9-5a7cc442984e,talked.sex,available,154.98,,62,6,6,namecheap,,
07289262-fc65-4d4e-894e-b2c7c338228b,Iwantmymoneyback.sex,available,154.98,,50,2,20,namecheap,,
074ff839-7afe-4d31-a834-de5793bb8b2d,pumpup.sex,available,154.98,,76,5,7,namecheap,,
07519640-be39-4551-8ee5-f2a92273a983,costcutting.sex,available,154.98,,64,3,12,namecheap,,
07668998-eb4b-4b0e-a360-d0d8f4eacbe5,sobeit.sex,available,154.98,,52,5,8,namecheap,,
077114c1-f4c5-4732-a1ce-e929872c9fa1,getlate.sex,available,154.98,,72,1,8,namecheap,,
077da8a4-876e-4eff-bb6c-ffd7a853582e,getsomeair.sex,available,154.98,,77,1,12,namecheap,,
07943b45-e1be-409f-94d8-032048065626,facilitating.sex,available,154.98,,59,3,12,namecheap,,
07990b6f-fa34-47cc-ab7b-930cfd587d21,cloaks.sex,available,154.98,,50,5,6,namecheap,,
079a158c-605d-4bef-b359-2f502ce371d9,getwise.sex,available,154.98,,77,6,8,namecheap,,
07a098e5-7694-4660-8ed2-85c771503c85,platepaper.sex,available,154.98,,66,0,11,namecheap,,
07a34480-b43d-49fd-895e-935562c679e4,generalparalysis.sex,available,154.98,,48,1,17,namecheap,,
07f70450-f7e5-4c0f-b3d7-6b33a479fcb3,getthis.sex,available,154.98,,56,13,8,namecheap,,
081036f7-e52a-4cbd-b016-5219d7a91d06,coverart.sex,available,154.98,,78,9,9,namecheap,,
0828b7d8-fdd4-4f38-bcd4-a2b1737774b6,walkabout.sex,available,154.98,,76,11,10,namecheap,,
08370914-2514-414b-94ed-246389c55440,mountains.sex,available,154.98,,54,14,9,namecheap,,
08798a88-6d4d-4899-b7ac-4ac170c3d947,stepping.sex,available,154.98,,73,5,8,namecheap,,
087a5608-7f0b-4522-ab04-3b41398274cd,acidreflux.sex,available,154.98,,66,4,11,namecheap,,
088306e6-bbef-4181-b871-dbde93069478,ohmygoodness.sex,available,154.98,,50,4,14,namecheap,,
08846b0f-18e5-4de1-917e-47cbd4fc0fd0,gotothewashroom.sex,available,154.98,,56,1,18,namecheap,,
08a31126-8126-4137-af0d-fc1c96eb9b81,beans.sex,available,154.98,,74,20,5,namecheap,,
08a8bb3f-78f5-4024-a6b3-c2f8f633ffc4,headoverheels.sex,available,154.98,,72,4,15,namecheap,,
08a9702e-3e38-4b06-af52-528cd9e3f75d,enterthepicture.sex,available,154.98,,62,7,17,namecheap,,
08ba227a-a2cb-41b8-9d96-c8580583b276,Ihavenever.sex,available,154.98,,68,1,12,namecheap,,
08c08454-00ad-4c0f-81f1-a1c684758e53,closeout.sex,available,154.98,,76,6,9,namecheap,,
08fc81ef-6ba1-44d1-8240-415e58fb02a9,gothewholehog.sex,available,154.98,,62,1,16,namecheap,,
09067904-35c2-4071-8485-c9aaa6bfa4fb,thereandback.sex,available,154.98,,44,4,14,namecheap,,
0914c32f-1c2c-42be-906e-0debb84014ca,darkweb.sex,available,154.98,,52,20,8,namecheap,,
0918e575-09fd-4957-ac21-052c3bf95f2a,punched.sex,available,154.98,,50,3,7,namecheap,,
0925fa07-1621-42e9-a873-a9b14c324809,hammerhome.sex,available,154.98,,70,2,11,namecheap,,
092c1e09-f24b-46ec-a32c-92f975f41102,cells.sex,available,154.98,,61,13,5,namecheap,,
0930e06b-b1ff-42c0-9059-885f41a9bc91,vouchfor.sex,available,154.98,,73,2,9,namecheap,,
09331c7d-9926-453b-b7e4-e161b5ec1e79,slipoff.sex,available,154.98,,65,1,8,namecheap,,
0936a68b-cbb1-4d56-a5c3-6d8a8204c1cd,registration.sex,available,154.98,,75,19,12,namecheap,,
09571f82-450e-4781-a6a9-f1a2b500594a,speakto.sex,available,154.98,,80,5,8,namecheap,,
097c54ff-d517-47cc-8fa2-ff6b9feaf39a,chickensalad.sex,available,154.98,,76,3,13,namecheap,,
09a02548-3a3a-4426-b7c4-5e4eb41a34cc,writedown.sex,available,154.98,,76,4,10,namecheap,,
09bf6467-aa70-473f-85cb-d4c8161a14b1,Mikey.sex,available,154.98,,70,21,5,namecheap,,
09c03e9e-227d-4c14-b940-5587736f7bf4,playin.sex,available,154.98,,80,10,7,namecheap,,
09ca5c9a-1ffa-4b52-af29-b064fc7b3e9f,fractions.sex,available,154.98,,52,7,9,namecheap,,
09cfaa28-d5f0-402f-a3e1-84cef4d3b52b,Godforbid.sex,available,154.98,,62,3,10,namecheap,,
09d38dfe-4200-499c-8d25-14980f282565,oneman.sex,available,154.98,,60,12,7,namecheap,,
09d3aff1-2a77-434b-86aa-6438f77aef35,indanger.sex,available,154.98,,60,1,9,namecheap,,
09d45b22-2042-46c0-8550-5d69fc4edee8,havesomeonethere.sex,available,154.98,,58,1,18,namecheap,,
09d90727-84d0-436a-8767-f9cc8c49a315,majorityparliament.sex,available,154.98,,50,1,19,namecheap,,
09e71c68-6c37-4783-83bb-8e8a4e23c6f5,savingsaccount.sex,available,154.98,,68,3,15,namecheap,,
09f42d0a-26a7-4b6e-8981-c64884005423,gowithGod.sex,available,154.98,,68,2,11,namecheap,,
09f52ebe-d291-4a1e-90d8-fe3c5b6bcd4a,letthecatout.sex,available,154.98,,67,1,15,namecheap,,
09ff43c3-e21a-442a-84b4-abdd556f907b,comeupwith.sex,available,154.98,,76,1,12,namecheap,,
0a36bedb-6aae-4d96-a6c3-7e3f76274b6a,compactcamera.sex,available,154.98,,70,1,14,namecheap,,
0a394344-9a03-4340-95ba-b36df04f66fc,potatocrisp.sex,available,154.98,,74,1,12,namecheap,,
0a491da9-beef-4ce8-9124-5d2cc4f6eefd,breasts.sex,premium,310,,50,9,7,name.com,,
0a5755e6-39ac-4789-b73e-01961b291dbe,solarenergy.sex,available,154.98,,88,16,12,namecheap,,
0a6f359e-75b5-43af-9284-7b3a8d15a605,childcategory.sex,available,154.98,,42,1,14,namecheap,,
0ab2eafc-6db4-4c9b-84f1-0437630f6bc2,softenup.sex,available,154.98,,68,1,9,namecheap,,
0ab77eb0-c94f-4c3f-9aba-069811db7285,oldagepensioner.sex,available,154.98,,60,1,17,namecheap,,
0abda44f-45af-4731-b250-1471a41e804c,thanksaheap.sex,available,154.98,,54,0,13,namecheap,,
0acdf10f-8374-4ff3-96a6-14b938cb6715,TempleCity.sex,available,154.98,,67,4,11,namecheap,,
0ae25796-6e98-4863-ab19-b74a47e8adf0,gobythewayside.sex,available,154.98,,62,1,17,namecheap,,
0ae6c4c9-6da0-49d3-bf5a-3eac4f8baeba,occurring.sex,available,154.98,,70,2,9,namecheap,,
0aed0be8-410c-480b-b76d-8fe89a8c62b2,cattax.sex,available,154.98,,68,2,7,namecheap,,
0af5b8d1-5853-45b0-8985-728c21bac8ba,copyrightsymbol.sex,available,154.98,,62,2,16,namecheap,,
0b01c565-304d-40f8-84d1-7fe4e1181007,controlling.sex,available,154.98,,68,9,11,namecheap,,
0b048c9c-91ab-4e4a-8d71-1eba16e6462b,explanation.sex,available,154.98,,68,7,11,namecheap,,
0b09d70d-423a-44d2-ab25-f392ae9acdb9,doctors.sex,available,154.98,,56,26,7,namecheap,,
0b0e944d-afc1-434a-a3ed-e539ff205505,Books.sex,premium,347.2,347.2,52,49,5,namecheap,,
0b19aa75-9cb4-46fa-9902-2071bbdb2ccc,deadonarrival.sex,available,154.98,,46,2,15,namecheap,,
0b2b54cc-6b2b-4404-8af2-844a9626b1d6,havea.sex,available,154.98,,60,7,6,namecheap,,
0b2c8526-8c4f-40b8-b002-98913a1d7749,leavemealone.sex,available,154.98,,42,7,14,namecheap,,
0b3fdb8b-3990-402e-81a6-ead129396485,practicing.sex,available,154.98,,72,5,10,namecheap,,
0b4480b5-83f6-4aba-b690-7fe2e94a1351,getpastoneself.sex,available,154.98,,62,0,16,namecheap,,
0b605209-3ab2-4ba9-9a2c-6cb3cb4f54d3,eachtotheirown.sex,available,154.98,,46,1,17,namecheap,,
0b7249de-4088-4f37-9b79-c1f8b49fd71e,cricketscore.sex,available,154.98,,68,4,13,namecheap,,
0b75bcbd-4971-4a37-b916-be2b4130a45e,inthefastlane.sex,available,154.98,,64,2,16,namecheap,,
0b83d45d-9aea-48a8-9f95-f601a71f518e,eyetoeye.sex,available,154.98,,62,6,10,namecheap,,
0b8f8494-2797-46ca-92f6-3855d27afa5b,requirements.sex,available,154.98,,56,9,12,namecheap,,
0b992e11-7f42-4669-be0f-87524e681e10,saveit.sex,available,154.98,,74,13,7,namecheap,,
0bd2ad5b-7bae-48c3-815d-afe093642c63,references.sex,available,154.98,,58,9,10,namecheap,,
0be9b92c-e22a-4cde-a35d-ed4296965122,offcampus.sex,available,154.98,,67,7,10,namecheap,,
0bea088d-71bc-4d98-9734-cfae6c5a7437,mostoften.sex,available,154.98,,56,0,10,namecheap,,
0c0a27f2-8117-4dad-a82f-a4a8759d25e9,selfconfident.sex,available,154.98,,64,2,14,namecheap,,
0c14ac44-9cbb-4627-803d-e69a8864e448,cuts.sex,available,154.98,,72,10,4,namecheap,,
0c23f76f-c4da-49c1-9bbf-56b5db9b25b2,GodtheHolySpirit.sex,available,154.98,,58,1,19,namecheap,,
0c32aabe-7232-4e1d-acbb-ab92c40c3087,invoice.sex,available,154.98,,72,33,8,namecheap,,
0c3a033d-309c-4d0e-9f3a-de91b4e92e91,WorldWideWeb.sex,available,154.98,,64,18,14,namecheap,,
0c445cf8-1992-4da5-b3f3-554341ce8a19,inblossom.sex,available,154.98,,56,1,10,namecheap,,
0c80891e-aff6-457c-bd1d-540247c6a5b0,setapart.sex,available,154.98,,72,8,9,namecheap,,
0c9ec60e-1d94-44c5-a6c5-a059956d9ce2,highquality.sex,available,154.98,,72,8,12,namecheap,,
0ca6b33d-1d13-4898-ae64-efc2b225ec7c,hardcoded.sex,available,154.98,,70,8,10,namecheap,,
0caabe79-3210-4cc5-bbb2-ec1a162090a1,atwork.sex,available,154.98,,78,13,7,namecheap,,
0cb337bb-1211-4139-a681-01a9c547d24c,corresponding.sex,available,154.98,,66,2,13,namecheap,,
0cb380dd-3cdb-47cf-881d-ac2590461f46,Caliorbust.sex,available,154.98,,56,1,12,namecheap,,
0ce57fab-6eaa-41cb-a2ae-f6b1e5dd301f,barup.sex,available,154.98,,82,2,6,namecheap,,
0cf0b5c4-4c62-4bcb-bf17-3c956bf14292,signout.sex,available,154.98,,75,4,8,namecheap,,
0cfd1a32-a853-419a-aa9c-25c0882656e8,godeep.sex,available,154.98,,74,7,7,namecheap,,
0cfd965d-42c0-41df-9f32-881d97836d55,studios.sex,available,154.98,,54,21,7,namecheap,,
0d0197a1-5462-46e5-b68a-db6272e1de84,intercultural.sex,available,154.98,,68,7,13,namecheap,,
0d05fef1-eaac-493b-ad47-4202ab3f5174,inthethickofit.sex,available,154.98,,58,7,18,namecheap,,
0d171ab8-53c1-4477-b099-86a6fb63107a,sitabout.sex,available,154.98,,70,1,9,namecheap,,
0d1f3108-eb0d-4029-ac06-3335f6c5bd74,gardengnome.sex,available,154.98,,74,3,12,namecheap,,
0d220ba6-284c-4b72-8e3b-0e07b0f93161,tickets.sex,available,154.98,,64,34,7,namecheap,,
0d245337-a1bc-4974-99c9-d0c084b38135,prosecution.sex,available,154.98,,68,9,11,namecheap,,
0d284131-99f1-4b8f-8493-c4ac1da4ad6b,backtoback.sex,available,154.98,,72,5,12,namecheap,,
0d29df57-c0e5-42a2-b4e5-08fc919caab6,makethebestof.sex,available,154.98,,72,1,16,namecheap,,
0d31da00-e156-4623-b8c3-a14b718b500f,atthedouble.sex,available,154.98,,66,0,13,namecheap,,
0d36c78f-ad77-4321-91a4-33f01e581e36,velocities.sex,available,154.98,,52,4,10,namecheap,,
0d549b89-2337-4879-97b2-0a78b3b08e0b,onceagain.sex,available,154.98,,63,12,10,namecheap,,
0d5b8594-d46e-40a6-90b9-bdc4ecf88dcd,proofs.sex,available,154.98,,55,13,6,namecheap,,
0d84c2fd-1a8c-40db-9e39-e6ca6271838f,grams.sex,available,154.98,,70,12,5,namecheap,,
0d90d0b0-d8e1-4ae3-b7ce-d030815981cc,insuranceagent.sex,available,154.98,,60,8,15,namecheap,,
0d9a0597-46f8-41d2-bb38-608ffc0f1f27,punchabove.sex,available,154.98,,71,1,11,namecheap,,
0da05d79-fb77-4380-97fd-59b161dae652,bulletinboard.sex,available,154.98,,62,5,14,namecheap,,
0daa0d6d-a94b-45e9-bed4-2c656815ea77,divein.sex,available,154.98,,76,9,7,namecheap,,
0daffbb4-48f1-49a2-8ed5-7d43c623a928,givecredit.sex,available,154.98,,76,13,11,namecheap,,
0dbb1366-8c2e-4c6d-8c98-beaf774ff8dd,turnedoff.sex,available,154.98,,42,1,10,namecheap,,
0de9cbb7-d7cc-4a66-8eae-eb2a5096bd3a,factories.sex,available,154.98,,54,7,9,namecheap,,
0df2c982-b52d-4fee-abda-590c01ae1395,riders.sex,available,154.98,,60,14,6,namecheap,,
0df816ab-bc57-44fc-82f6-322d0425d599,Apples.sex,available,154.98,,90,16,6,namecheap,,
0df90b9a-75bc-45a0-82b3-a75839584fd4,cometomind.sex,available,154.98,,74,8,12,namecheap,,
0e2e5c9a-8c26-4f9c-adc0-6a88eb75de62,intheissue.sex,available,154.98,,50,1,12,namecheap,,
0e30289d-5283-4cf1-98ce-aca724bea19e,regions.sex,available,154.98,,64,59,7,namecheap,,
0e8e521d-ce60-46b1-bc70-9812901a2d3b,ladiesfirst.sex,available,154.98,,58,6,12,namecheap,,
0e964dfe-c33e-4497-958d-0a899e185892,youall.sex,available,154.98,,64,3,7,namecheap,,
0ea101ec-f6d3-40eb-adb8-e7545256efc0,comeinuseful.sex,available,154.98,,68,0,14,namecheap,,
0ead55a6-c858-4e9a-8f8c-e16152e877e5,keephopealive.sex,available,154.98,,50,2,15,namecheap,,
0edbd662-2dd9-493a-b8a0-b98db5f90a97,seemed.sex,available,154.98,,58,4,6,namecheap,,
0ee121db-2b59-4fc7-a998-3f0994b430d4,mouthy.sex,available,154.98,,61,5,6,namecheap,,
0ef78409-5e75-4dab-8884-d7783bcc491e,WestHill.sex,available,154.98,,62,12,9,namecheap,,
0ef8f2e4-40bb-4afd-90fd-db4bc1211675,CountyTyrone.sex,available,154.98,,42,2,13,namecheap,,
0f0f69c7-a1aa-49b9-867e-064e726a2dc3,talkto.sex,available,154.98,,70,14,7,namecheap,,
0f28a032-39de-4a0d-a3d6-32a4843672ae,manyhappyreturns.sex,available,154.98,,46,2,18,namecheap,,
0f28ef84-1209-4026-a349-736fddcd2d24,spellingword.sex,available,154.98,,60,0,13,namecheap,,
0f44c33f-7875-4fb6-8382-24b588db378a,biggame.sex,available,154.98,,78,9,8,namecheap,,
0f48aed5-021a-4bd6-a7c7-f00a28594d43,ofapiece.sex,available,154.98,,52,2,10,namecheap,,
0f6137b5-6493-4c6f-9ac0-74e02ff799b6,turnout.sex,available,154.98,,76,9,8,namecheap,,
0f796c78-4b64-45ee-9ae6-65d3394101d5,molecules.sex,available,154.98,,54,9,9,namecheap,,
0f7db1d8-0478-4f36-8e08-e8c8305f2d86,fillin.sex,available,154.98,,76,16,7,namecheap,,
0f84c1b5-9e5f-49c0-b80d-8767858c7609,asoflate.sex,available,154.98,,56,0,10,namecheap,,
0f9a785b-c02a-4390-b775-05a42ca738c9,movemountains.sex,available,154.98,,72,4,14,namecheap,,
0fb46dc0-5704-4888-b11a-414c892bde46,costeffectiveness.sex,available,154.98,,64,1,18,namecheap,,
0fcac6af-9893-49e7-b560-485d41fdde25,extends.sex,available,154.98,,54,5,7,namecheap,,
0fd52316-52d0-48a0-9e94-d671fa4d4ebd,freemarket.sex,available,154.98,,76,9,11,namecheap,,
0fdab8cf-6c1e-45fb-b12b-192bfcc84116,getoffwith.sex,available,154.98,,76,1,12,namecheap,,
0fdbbbd8-7b45-4425-a958-04add3692d1f,godowninhistory.sex,available,154.98,,68,1,18,namecheap,,
0fe368fa-ebee-4e09-864b-7d48edab5083,bros.sex,available,154.98,,58,19,4,namecheap,,
0ff0b50e-18d8-420d-be1c-995835d90434,tooright.sex,available,154.98,,53,7,9,namecheap,,
10072883-bfbf-4457-a7d8-ccda29f76b61,blueberries.sex,available,154.98,,70,9,11,namecheap,,
100b192f-a1b3-4499-8b6f-03af96b32b9c,lookupon.sex,available,154.98,,78,2,9,namecheap,,
10152286-9bc8-41e2-9f02-eb1c86902238,porkrib.sex,available,154.98,,55,0,8,namecheap,,
101a0a22-fde3-4638-8513-700d81c12461,inspiration.sex,available,154.98,,88,30,11,namecheap,,
102653c8-54c0-4e3f-aac4-a48d8cec3346,blooddonation.sex,available,154.98,,78,2,14,namecheap,,
10282d47-03af-48d9-87a0-e56c106a59eb,supposeto.sex,available,154.98,,52,1,10,namecheap,,
10512e44-4a18-4196-a669-ef94dd62db44,mouthoff.sex,available,154.98,,65,2,9,namecheap,,
105fa3e4-140e-468f-b64e-2bc7df227a4a,niggers.sex,available,154.98,,37,13,7,namecheap,,
1068f4f6-fb18-4a53-98a2-0a8155209202,onlytoo.sex,available,154.98,,60,6,8,namecheap,,
10741913-a60a-410d-9b90-bee841d3f98b,SikhEmpire.sex,available,154.98,,64,1,11,namecheap,,
1075dbec-45b9-46ac-9854-755cca64edf8,cheesepizza.sex,available,154.98,,78,3,12,namecheap,,
10776b25-4e9b-4bee-a7fd-df39d608f918,nuclei.sex,available,154.98,,44,7,6,namecheap,,
109615e6-5be5-4475-99b0-297237714b7f,Your.sex,premium,,,68,45,4,,,
10a38649-11b2-4888-91b0-39d38aacab2a,inprivate.sex,available,154.98,,70,3,10,namecheap,,
10b6b4dc-c2fa-4384-98fc-fba0986fd3b3,comeonstrong.sex,available,154.98,,66,2,14,namecheap,,
10d62e79-9cf0-446d-a355-9c8c28f35327,engineering.sex,available,154.98,,78,28,11,namecheap,,
10ea552c-0197-4731-8959-3c5aff9bfcff,letslide.sex,available,154.98,,76,1,9,namecheap,,
10f20a26-5c0f-4576-b264-22fda21cd6c8,whatnow.sex,available,179.99,,58,16,8,name.com,,
10fda51c-685e-42a5-b031-19b25df48b2e,goastray.sex,available,154.98,,66,1,9,namecheap,,
11012eb0-46ec-432e-a7d9-eda55f91b680,coffeeandcakes.sex,available,154.98,,72,2,16,namecheap,,
11037cc2-fa63-472b-8292-e4e9d9d23e77,likeashot.sex,available,154.98,,56,1,11,namecheap,,
112d1193-76b5-4431-a524-38b566cbdf0d,inplaceof.sex,available,154.98,,58,1,11,namecheap,,
11421f7e-078f-405c-801d-eb3782c1109e,HarleyDavidson.sex,available,154.98,,78,9,15,namecheap,,
115ba63f-e276-4334-86f2-4111fe68bb1c,breatheeasy.sex,available,154.98,,78,7,12,namecheap,,
115e39a5-3d5e-4f22-8af8-1e9eeae94f30,imutation.sex,available,154.98,,76,1,10,namecheap,,
1196e7e7-4a4e-429c-ad14-cde85f0fa779,borne.sex,available,154.98,,66,12,5,namecheap,,
119c1bde-30d6-4e97-9cac-120e6e7a9c2d,bodycavity.sex,available,154.98,,66,1,11,namecheap,,
11b19d1f-6328-48e5-9303-7c7090678b19,blewagasket.sex,available,154.98,,34,1,13,namecheap,,
11d791f0-1aad-477c-9f68-0df975e1aef3,openbar.sex,available,154.98,,80,6,8,namecheap,,
11d8ba77-e772-46b9-a6eb-0416bf3b90cc,pairofshades.sex,available,154.98,,65,0,14,namecheap,,
11e64a22-25b2-4de9-8714-8e5f19bbb3e7,leaveover.sex,available,154.98,,70,1,10,namecheap,,
1204765b-f033-494c-b4cf-f5ef49c0d02d,tightenup.sex,available,154.98,,79,1,10,namecheap,,
12072f67-018a-4606-aa46-61dc554ef44b,backstretch.sex,available,154.98,,74,3,12,namecheap,,
12167eb5-f7cf-49c4-9a2e-e670feac03bd,reacted.sex,available,154.98,,52,3,7,namecheap,,
122809f3-3b18-436c-8809-fb6bce53e5f4,mentalillness.sex,available,154.98,,54,3,14,namecheap,,
1232b58f-67b6-4b66-ae0f-163882eaa490,phones.sex,available,154.98,,76,19,6,namecheap,,
12390add-1d87-4fac-8e4c-8a2e1f5f5bc2,dustyrose.sex,available,154.98,,74,6,10,namecheap,,
1259463d-f80d-40e2-b469-72cd71a71a46,sparklingwine.sex,available,154.98,,69,4,14,namecheap,,
126d3564-5241-4c3e-b97a-8a8b96bd31ca,gomental.sex,available,154.98,,68,13,9,namecheap,,
12b5694c-f83c-4441-bea8-93ac95ac4e5a,drying.sex,available,154.98,,68,6,6,namecheap,,
12c1cb32-909e-402b-b3a0-ac1286096826,havetodo.sex,available,154.98,,56,1,10,namecheap,,
12c410fe-c8ff-4f23-bca0-5e656af0cf22,gaslit.sex,available,154.98,,64,6,6,namecheap,,
12dbbc52-7e2a-45ff-b487-68c58f421051,quitting.sex,available,154.98,,54,4,8,namecheap,,
12dbe62b-a4d1-4fe5-96d5-f59130844280,chocolates.sex,available,154.98,,70,11,10,namecheap,,
12f7e6f3-39e3-44c3-b725-ea1799addc31,costefficient.sex,available,154.98,,60,1,14,namecheap,,
131565c7-dd6e-4107-b777-c93eb70b669d,RGB.sex,available,154.98,,76,39,3,namecheap,,
131d11dc-f256-4b70-ae30-5efad25df1fe,CNN.sex,premium,,,78,22,3,,,
13421fcb-6f72-48e6-8a9e-702911bd6c63,dogs.sex,available,154.98,,76,28,4,namecheap,,
13471bd6-e4aa-4766-8b9a-91fdde72d4c1,ourboy.sex,available,154.98,,58,9,7,namecheap,,
13595a2f-6882-4303-b57d-f709e03afcbf,decideupon.sex,available,154.98,,76,0,11,namecheap,,
136fbeda-df7a-4b2f-aab7-29358c8b9d1c,werewolves.sex,available,154.98,,44,7,10,namecheap,,
13c14a40-4777-41f0-b6c1-3e1fc6f2fedd,BigFour.sex,available,154.98,,68,3,8,namecheap,,
13c4ff7a-9683-4752-8944-20aa0b041aa2,ontheropes.sex,available,154.98,,59,2,12,namecheap,,
13da2263-ae8f-4472-8a4c-be8fcc5653e1,expended.sex,available,154.98,,60,1,8,namecheap,,
13e18b41-6105-4a4a-9bba-54cbf48e0db0,bloodflow.sex,available,154.98,,74,2,10,namecheap,,
13e73f26-dda7-4812-aacf-dc5ddc89eedd,inhouse.sex,available,154.98,,70,23,8,namecheap,,
13f44e6a-b0bd-4772-98a2-d27cd2b6e531,tothinkthat.sex,available,154.98,,44,2,13,namecheap,,
13f90f7d-5617-447e-a007-06b20208c5c6,comeintotheworld.sex,available,154.98,,68,0,19,namecheap,,
14039b8c-6621-4e8e-806f-c3670d4bc0ba,makethecut.sex,available,154.98,,78,3,12,namecheap,,
141073af-fc72-48ed-9d2a-54b0e0a34ebe,childcare.sex,available,154.98,,74,23,10,namecheap,,
141cd665-858c-45d9-a63e-d16681c22bbf,leavesomeonecold.sex,available,154.98,,58,4,18,namecheap,,
143c2e5f-3b7f-4f50-ac91-01b02bd7d965,deaths.sex,available,154.98,,50,6,6,namecheap,,
1441ad58-ada8-43be-b891-8cdf3c792669,possibilities.sex,available,154.98,,52,7,13,namecheap,,
144c718a-2be6-49a1-b358-321d2258033b,makefor.sex,available,154.98,,74,2,8,namecheap,,
144f78eb-9430-4f8a-8078-cb3f083c0887,soothes.sex,available,154.98,,61,2,7,namecheap,,
145339a8-314e-446e-a23b-c4215e410931,blueberrypie.sex,available,154.98,,60,2,13,namecheap,,
145a38fb-ecd6-4a1b-b801-44ff961fa3cc,howtheturntables.sex,available,154.98,,44,5,18,namecheap,,
145c58ce-9949-4634-8fb9-f18c78fb4373,gettobe.sex,available,154.98,,54,1,9,namecheap,,
14627955-cb67-48a7-89a4-36504fa97674,gonuclear.sex,available,154.98,,68,3,10,namecheap,,
146c7c05-513e-4fb0-b6e8-06419ce80fb1,DJI.sex,available,154.98,,72,21,3,namecheap,,
148453de-4a88-4208-a9ac-85d6fe6cd394,abovetheline.sex,available,154.98,,50,5,14,namecheap,,
14966765-e9c0-4225-96e5-4a1cbc1af0b6,Lordloveyou.sex,available,154.98,,60,1,13,namecheap,,
149ddb0c-b90e-4ee6-a038-acd5e237699e,risks.sex,available,154.98,,43,10,5,namecheap,,
149fc09c-0de7-4654-9f56-610810837ab2,totime.sex,available,154.98,,47,2,7,namecheap,,
14ad1eef-f338-449a-b367-9e87a4d0cbc9,Ispin.sex,available,154.98,,76,5,6,namecheap,,
14b75052-f8fb-4685-8fbf-d02428c65074,getoneselftogether.sex,available,154.98,,49,1,20,namecheap,,
14ba335e-c7be-44d1-8e4d-7c67e6e2b9f2,comeintobeing.sex,available,154.98,,68,1,15,namecheap,,
14d4a76a-370c-4e4e-87a3-601eafc629b3,whoknew.sex,available,154.98,,54,7,8,namecheap,,
150cf771-8569-4087-81ec-8972dbc9ac8f,goodfriend.sex,available,154.98,,62,7,11,namecheap,,
151067b3-e4e3-4f0a-9371-f59cce3dac02,changesides.sex,available,154.98,,70,0,12,namecheap,,
1518cea0-ee10-4552-8ea5-d6618b7f7436,stabilization.sex,available,154.98,,66,3,13,namecheap,,
1519aa74-39af-40a4-a72c-695ec2023842,WorldWarIV.sex,available,154.98,,52,1,12,namecheap,,
15387c4f-3353-4545-ac7e-cbb321dcc365,howabout.sex,available,154.98,,68,8,9,namecheap,,
1543fd21-bc0c-43a2-8ff4-376ff88df68b,electricalpolarity.sex,available,154.98,,59,0,19,namecheap,,
157b5429-2e61-4cc8-b2ba-3defc9319993,hangout.sex,available,154.98,,82,16,8,namecheap,,
15862652-5d2a-46a2-b3a7-89a06dd09fa4,knowsomeone.sex,available,154.98,,72,8,12,namecheap,,
158c1b8c-04b0-4b72-b37a-1b355f545add,proves.sex,available,154.98,,56,3,6,namecheap,,
158cb849-19e9-408f-a6f4-20d6c4cf723a,carryforward.sex,available,154.98,,66,3,13,namecheap,,
1591e4d7-5f80-4148-812c-dd69cf0791a5,intensively.sex,available,154.98,,58,1,11,namecheap,,
159cee64-849f-416d-934a-f5897d4c150e,hardfeelings.sex,available,154.98,,58,4,13,namecheap,,
15b53f9c-4b64-4194-83b0-d19a1cbda4b5,ofcolor.sex,available,154.98,,74,1,8,namecheap,,
15b65c22-4f74-4ccf-bedb-50d39230b4ba,zombies.sex,available,154.98,,44,11,7,namecheap,,
15b6d73e-c5f5-4e46-abe0-8fbf13892324,mahfucka.sex,available,154.98,,66,1,8,namecheap,,
15b7d376-4558-4f73-84ee-a2a9acf446b2,generalpopulation.sex,available,179.99,,64,2,18,name.com,,
15bf9fc9-a44f-4581-bbdd-9dc7d7eba3d7,respecting.sex,available,154.98,,56,2,10,namecheap,,
15c27285-ea26-4170-9fd8-4059a407d6d9,letitbeknown.sex,available,154.98,,75,1,15,namecheap,,
15c929ff-9dc0-491e-b0c8-044be93efc09,destination.sex,available,154.98,,90,25,11,namecheap,,
15cc36ee-afa7-4516-ace7-b1b229278bde,fails.sex,available,154.98,,46,7,5,namecheap,,
15eabcbd-f56e-41e4-990f-4c68e8f1cce7,youknow.sex,available,154.98,,76,12,8,namecheap,,
1603ba07-2d98-42ae-97c8-b4242d15a167,keepsomebodyposted.sex,available,154.98,,46,0,20,namecheap,,
160486e6-1e5f-475f-9f71-5caa547f0e5c,onthemove.sex,available,154.98,,72,10,11,namecheap,,
161efdcf-985d-4998-87b3-b4eef1cde7e4,steeltoeboot.sex,available,154.98,,66,1,14,namecheap,,
16384260-2b5f-401a-aa8b-4e3b3c3ebb77,divinehealing.sex,available,154.98,,54,7,14,namecheap,,
1640faa4-28ce-49b8-b4de-0a2a141c5f06,herbbutter.sex,available,154.98,,80,1,11,namecheap,,
165ba145-1a35-4a63-8be6-8115ac6b9f3a,streetlight.sex,available,154.98,,68,10,12,namecheap,,
165cba60-1b5c-4058-8a4f-e8539fdff9f6,rightnow.sex,available,179.99,,68,16,9,name.com,,
1670b11e-b78d-42c3-afb4-b00ffde423c5,IamHIVpositive.sex,available,154.98,,44,1,17,namecheap,,
1678ca5c-bdd3-4365-80f6-62152846eef5,neckrest.sex,available,154.98,,56,1,9,namecheap,,
1678e5f0-997e-4e0c-bf29-c40224c9afa6,thanksalot.sex,available,154.98,,80,3,12,namecheap,,
167ac54d-0974-46be-9598-2939f29dba0f,schools.sex,available,154.98,,72,24,7,namecheap,,
167e66e3-802f-446f-85bd-f16c1d5f096d,hysterically.sex,available,154.98,,56,1,12,namecheap,,
16bd6075-b21a-46c1-ab21-d1581116fe65,anall.sex,available,154.98,,56,6,6,namecheap,,
16bee5c4-9ed5-4bcd-a8e3-b495af723016,highsugar.sex,available,154.98,,52,1,10,namecheap,,
16cafa72-c312-430f-8736-3a0ea48c692b,walked.sex,available,154.98,,60,5,6,namecheap,,
16d53ba9-ba1f-46cd-baf2-0438563eabfc,died.sex,available,154.98,,40,6,4,namecheap,,
16f14e85-5ede-4870-8dce-9464d4bf9a43,estimationtheory.sex,available,154.98,,60,1,17,namecheap,,
16f9b745-8d1d-43dc-ad84-b205048905d2,meandthee.sex,available,154.98,,48,5,11,namecheap,,
1703e3e1-dd24-483e-926f-d36b8f3310b8,gobackon.sex,available,154.98,,72,2,10,namecheap,,
170790af-adf9-4858-a4b2-10784a9177ae,intwominds.sex,available,154.98,,66,1,12,namecheap,,
170b8c55-6281-4162-a7a0-12be7ecbbe78,nonsmoking.sex,available,154.98,,68,3,11,namecheap,,
170cca56-da0e-49ee-9c11-7d5d4d68a8f9,rarest.sex,available,154.98,,56,5,6,namecheap,,
1716f1f8-a3ee-46aa-bd21-00c9385bfbbb,tonguetwister.sex,available,154.98,,62,2,14,namecheap,,
17263882-1dcf-4deb-8cc0-7eb8168bea80,gotobatfor.sex,available,154.98,,42,1,13,namecheap,,
17265fde-2fe8-4fae-af01-e56d56ed4df8,highresolution.sex,available,154.98,,64,3,15,namecheap,,
1764f1ac-b2b7-4251-ad6d-77c656b10724,gowith.sex,available,154.98,,74,8,7,namecheap,,
1768e01c-1f9f-4a8a-afbd-cea6ac1021d8,neckdeep.sex,available,154.98,,59,2,9,namecheap,,
1794f991-a71d-4494-86ce-355bacec4aac,DakotaCounty.sex,available,154.98,,52,2,13,namecheap,,
17a6bdfc-40fa-4e1b-823d-bac6e5b64774,getmarried.sex,available,154.98,,88,5,11,namecheap,,
17d6ad21-4403-49a1-bff0-7b02b7157445,traps.sex,available,154.98,,68,7,5,namecheap,,
1801d51c-9b7a-4bce-997e-c50469fb7dc6,uncomfortably.sex,available,154.98,,46,2,13,namecheap,,
180ee6f5-5462-41fd-a263-bc3594a1d7a9,whitewine.sex,available,154.98,,76,6,10,namecheap,,
18197ced-ef94-45f1-8d9a-24206232fd9e,IwishImaybeshot.sex,available,154.98,,44,1,20,namecheap,,
18214fe3-025d-4afd-a57b-3696508d7da3,calculation.sex,available,154.98,,70,7,11,namecheap,,
1830acc0-ff71-4088-8d7f-0396cef28be2,datadomain.sex,available,154.98,,52,4,11,namecheap,,
183cf9cf-b064-4a8d-80a2-df57dda9855c,became.sex,available,154.98,,62,9,6,namecheap,,
1847e0b0-a3fc-4845-a3b8-4088d79e94c4,toneofvoice.sex,available,154.98,,68,5,13,namecheap,,
18543fc5-4c06-496f-9e07-e08e035bdea5,childabuse.sex,available,154.98,,56,3,11,namecheap,,
18705ca2-8cdd-4571-8a75-a35ce5dd047b,barbecuedpork.sex,available,154.98,,58,0,14,namecheap,,
187e43e8-ca4f-4bb8-8d11-abc4c800ab37,keepthechange.sex,available,154.98,,46,59,15,namecheap,,
1888cf94-a3b7-4378-9aa4-f3ce63b2cf4a,oilterminal.sex,available,154.98,,62,1,12,namecheap,,
188f96c5-af23-4df2-9ce8-0c4a94517aa0,GodtheHolyGhost.sex,available,154.98,,58,1,18,namecheap,,
189b25e2-e028-4568-a52e-292869d288a1,keepitmoving.sex,available,154.98,,68,5,14,namecheap,,
18a048a8-d4f0-453a-855e-93590d902aa2,childendangerment.sex,available,154.98,,48,6,18,namecheap,,
18a5a67c-7542-47fb-9e3c-17f2a00414a5,breakingnews.sex,available,154.98,,66,19,13,namecheap,,
18ac757a-358b-4948-b1cd-478c40b8ec30,strapin.sex,available,154.98,,68,1,8,namecheap,,
18bb5135-81e7-4f58-a8a3-b62a3c348423,springsnow.sex,available,154.98,,54,2,11,namecheap,,
18cc93e8-1077-4e42-86bc-d4ff5f40acfb,update.sex,available,154.98,,88,29,7,namecheap,,
18d4d0b6-e096-41b6-8890-99ebfe6dea8e,breastfeed.sex,available,154.98,,76,3,11,namecheap,,
18d9026f-119a-4cb5-8204-9651f4323afe,waitforit.sex,available,154.98,,43,4,11,namecheap,,
18f5168a-9047-4ded-b35e-84966106d575,settlefor.sex,available,154.98,,76,0,10,namecheap,,
18f83fa9-58de-4057-8605-e5bdcba3ae6a,breastaugmentation.sex,available,154.98,,66,5,19,namecheap,,
18f87b9b-e893-4c4c-992f-114fe1563f74,adrenalinerush.sex,available,154.98,,72,3,15,namecheap,,
19202534-3a24-4d41-929a-8aad4b410f38,thanksaton.sex,available,154.98,,62,1,12,namecheap,,
192a3133-d925-4c0d-813e-e9352a132e54,characteristics.sex,available,154.98,,52,3,15,namecheap,,
1935ad06-ab23-450f-b87a-96a55847a81d,hockeyplayer.sex,available,154.98,,78,2,13,namecheap,,
193c476c-e10a-4cb5-8ddd-123b5da24660,pizzaplace.sex,available,154.98,,56,3,11,namecheap,,
195d1a89-5b28-4c47-bde4-61b0a0b0d8ec,eyeshadow.sex,available,154.98,,74,3,10,namecheap,,
19631eca-d25f-4b26-b0ee-3dbfecaddc6a,thickskinned.sex,available,154.98,,52,1,13,namecheap,,
19696651-5cbc-40d0-9714-e1786848ba24,committees.sex,available,154.98,,48,3,10,namecheap,,
197aa9d7-ac24-4c0b-b767-de8dd0847657,communities.sex,available,154.98,,68,19,11,namecheap,,
1984df13-481f-447f-8c47-d1eaf64e1672,cheesefood.sex,available,154.98,,68,1,11,namecheap,,
1986ebd0-d867-4285-85b7-4c92e4713fcf,toexcess.sex,available,154.98,,55,0,9,namecheap,,
198f7415-4a60-437e-b47a-c770c5e6344a,teenyweeny.sex,available,154.98,,78,2,11,namecheap,,
19b2b7f5-750e-40cb-a8ed-927625b89018,onfoot.sex,available,154.98,,58,13,7,namecheap,,
19cddd7f-c5a2-414d-9154-6c9eb72d2a5c,workfromhome.sex,available,154.98,,51,16,14,namecheap,,
19d405a5-a047-4cee-9e57-0642e0477f77,toburn.sex,available,154.98,,50,1,7,namecheap,,
19e2df40-0980-4143-94f3-2341adf863ec,leaveoffice.sex,available,154.98,,58,0,12,namecheap,,
19eae739-7659-4bff-84ce-991265317016,whitepepper.sex,available,154.98,,70,11,12,namecheap,,
1a05d6df-e883-4131-88a5-670908a8079c,supports.sex,available,154.98,,64,12,8,namecheap,,
1a2bf8ac-797d-43a2-a0ee-cf0f575bd22d,poundcake.sex,available,154.98,,78,4,10,namecheap,,
1a4c0f50-f4d9-4b8d-8ace-76b3d66732d8,buttons.sex,available,154.98,,73,12,7,namecheap,,
1a6eb97e-e694-43b8-a640-19f821d8d2d1,soundout.sex,available,154.98,,74,4,9,namecheap,,
1a733ec3-f6a3-42fb-b693-dfaf97d62013,generalgoods.sex,available,154.98,,64,2,13,namecheap,,
1a7c6367-6e85-485c-9e5a-60f8116b4132,letonego.sex,available,154.98,,77,1,10,namecheap,,
1a7cab0e-cfd3-49cc-bcf0-a4ab93ac1e74,workfare.sex,available,154.98,,72,1,8,namecheap,,
1a94199e-1162-4403-9664-3e6e42363c95,childclass.sex,available,154.98,,50,1,11,namecheap,,
1a96e7b1-c01a-4c65-8fc6-b6d8d0e9cc8e,intheway.sex,available,154.98,,70,3,10,namecheap,,
1ad37ad5-da56-41be-994f-dd8bfb4799e6,sheepdog.sex,available,154.98,,76,9,9,namecheap,,
1ad7ac25-1b88-4d62-bc51-00828ac8a808,pairofstairs.sex,available,154.98,,65,1,14,namecheap,,
1ae2c6b6-11b8-4454-8458-6573dd18dc42,spacetravel.sex,available,154.98,,82,28,12,namecheap,,
1ae6805d-f058-4921-b8e2-0105446543fd,beall.sex,available,154.98,,66,10,6,namecheap,,
1aedb503-f897-40aa-bfbf-fd9ae408c829,intears.sex,available,154.98,,48,2,8,namecheap,,
1af05339-5c66-4a5f-af3a-0ffd00365c86,childbenefit.sex,available,154.98,,60,8,13,namecheap,,
1b0b3da7-4c0e-4de6-9398-b650f7c591fe,slipitto.sex,available,154.98,,64,1,10,namecheap,,
1b14e9cd-6785-4695-8e89-6dbe5f45883e,bellyshirt.sex,available,154.98,,74,1,11,namecheap,,
1b23e82e-caa5-48f3-a061-1afc0498085c,stagingarea.sex,available,154.98,,68,4,12,namecheap,,
1b359e2f-c596-43f3-b1ed-7691cd82b10a,leavenotrace.sex,available,154.98,,68,4,14,namecheap,,
1b4dcad9-205a-497c-8e28-b86a532e66ac,distributed.sex,available,154.98,,64,21,11,namecheap,,
1b63058a-ba96-499b-9202-80146bcd36d7,mortgages.sex,available,154.98,,50,16,9,namecheap,,
1b63bc0b-f17b-452a-918b-0f744367e0b2,poreover.sex,available,154.98,,62,1,9,namecheap,,
1b65b36f-0cf4-4bee-b05a-beea81c52a31,rights.sex,available,154.98,,50,19,6,namecheap,,
1b6d0d42-57a7-451f-8a91-922e2f68e23d,highspirits.sex,available,154.98,,76,8,12,namecheap,,
1b720d67-a5a7-4a5a-a4ed-3f0c187ee4f3,sweetwhiskey.sex,available,154.98,,68,1,13,namecheap,,
1b84b634-774a-49d6-bd38-fd51e1bea2fd,committing.sex,available,154.98,,68,1,10,namecheap,,
1b882198-87ab-4e87-a0b5-28410689d058,backtalk.sex,available,154.98,,68,5,9,namecheap,,
1b8a6ac0-ff76-4b85-9f9d-33eea7a04be5,purchaseorder.sex,available,154.98,,66,2,14,namecheap,,
1b8c6a9a-80f1-4829-971a-fe508a34db69,producing.sex,available,154.98,,60,6,9,namecheap,,
1b8fac1a-8344-49f5-93dc-633cf803a0f3,victims.sex,available,154.98,,42,5,7,namecheap,,
1ba5ea4c-5df2-4e75-a6be-7fd9aeb4bc7e,shakehands.sex,available,154.98,,85,9,11,namecheap,,
1bac045a-3887-4b0e-95ce-0ac6f17dd233,wastebasket.sex,available,154.98,,72,2,11,namecheap,,
1bb42287-febd-4314-bdf3-b8ee9982ee20,returns.sex,available,154.98,,72,16,7,namecheap,,
1bba6250-b841-491d-ac24-615fe92cef61,voicemessage.sex,available,154.98,,68,3,13,namecheap,,
1bbbea1e-0330-4093-8b65-5bfe0f6ca77b,plated.sex,available,154.98,,66,11,6,namecheap,,
1bcf6ea9-445e-4547-910a-6b3fe71a00a6,hightea.sex,available,154.98,,76,8,8,namecheap,,
1be52e99-7cbc-4314-b796-2fd7ba19fd17,nosehair.sex,available,154.98,,48,2,9,namecheap,,
1bec448c-4ace-41ef-b16e-88026ce536ca,goodgame.sex,available,154.98,,60,23,9,namecheap,,
1bf58c51-c1b6-4559-8cd3-e572fbb248aa,warmblooded.sex,available,154.98,,73,1,12,namecheap,,
1c1a07e5-a224-4a29-85a4-0fb0dd60ad72,howoldareyou.sex,available,154.98,,48,6,15,namecheap,,
1c213e73-d75c-4699-9aa2-585246375378,takenotes.sex,available,154.98,,74,5,10,namecheap,,
1c21cc6e-fe83-4807-afc0-d50ca69bfd9d,getthebestof.sex,available,154.98,,69,2,15,namecheap,,
1c22b735-8662-482a-8405-530ca08ebca0,instride.sex,available,154.98,,72,5,9,namecheap,,
1c242d88-4b01-4a43-bd04-1f0c208412f9,wheelabout.sex,available,154.98,,68,1,11,namecheap,,
1c2779cb-9c80-4d40-bd2d-710a4989cab0,goplatinum.sex,available,154.98,,76,1,11,namecheap,,
1c4d9f5b-b9f5-4fba-88a6-03717d736c28,accountability.sex,available,154.98,,70,19,14,namecheap,,
1c4f1050-b909-400f-9665-0c897f6d8794,BlackPlague.sex,available,154.98,,56,12,12,namecheap,,
1c57631e-a46f-4aa6-84c9-f084f4f17d47,wheretheheck.sex,available,154.98,,36,1,14,namecheap,,
1c5b94ab-f6b0-4dd4-9740-f8864d85846d,pizzatopping.sex,available,154.98,,48,1,13,namecheap,,
1c6629dc-a57e-41d7-9f2e-8bb705df5c48,blowingup.sex,available,154.98,,64,1,10,namecheap,,
1c6b31b9-8871-4198-811d-5c308ba6aba5,slowcookers.sex,available,154.98,,55,2,12,namecheap,,
1c701ad4-df2a-43a1-8234-23c5e986546b,motorinsurance.sex,available,154.98,,60,4,15,namecheap,,
1c775746-58fd-4523-bd8d-58f4b78e2656,subjects.sex,available,154.98,,54,5,8,namecheap,,
1c87cfca-6241-4756-b886-81f9c9eeb564,sickandtired.sex,available,154.98,,54,4,14,namecheap,,
1c935e5d-d88e-4192-a593-07f439d56b44,startin.sex,available,154.98,,71,6,8,namecheap,,
1c95e12e-f775-4d75-af75-37fd48c709f0,moveahead.sex,available,154.98,,76,6,10,namecheap,,
1ca251c5-ec04-43bf-9a59-bad08c6eafde,newatheism.sex,available,154.98,,68,1,11,namecheap,,
1cb5168e-34ef-4984-918a-13e24218d22b,owning.sex,available,154.98,,52,7,6,namecheap,,
1cbb85f1-ce65-44d6-a740-33672b84be50,BonfireNight.sex,available,154.98,,64,1,13,namecheap,,
1cc844bf-cc86-4952-ae80-03521f736799,lookouts.sex,available,154.98,,52,3,8,namecheap,,
1cd3dd6a-c5c0-4732-bc14-79f167029473,makenews.sex,available,154.98,,80,1,9,namecheap,,
1cdf9c13-7cea-45f2-9634-3d6ebb9ec503,uptonow.sex,available,179.99,,64,2,9,name.com,,
1ce4aa1e-a2e4-4419-8124-5841d60feead,swords.sex,available,154.98,,52,10,6,namecheap,,
1ce68849-ad40-42bc-a74b-8955d7cb8e7f,excitingness.sex,available,154.98,,68,1,12,namecheap,,
1cf7ff47-580a-4969-bd3b-6a3dc310ad3d,CincodeMayo.sex,available,154.98,,68,7,13,namecheap,,
1d012790-d093-43a9-86dd-dcca00f5d9f9,liveblog.sex,available,154.98,,76,5,9,namecheap,,
1d050f45-92ef-40a1-aea5-241556ed75cb,stitches.sex,available,154.98,,46,10,8,namecheap,,
1d1555a5-f04c-422c-8be0-73cb4968af70,relating.sex,available,154.98,,72,5,8,namecheap,,
1d18838b-0ee2-4c47-84b8-bc8dabb6b811,astimegoesby.sex,available,154.98,,40,2,15,namecheap,,
1d1db7fe-cd24-4f78-8b90-97708aa70f5e,ballplaying.sex,available,154.98,,70,1,12,namecheap,,
1d335b54-0669-4366-bdbf-a35ad91aa5b3,coaches.sex,available,154.98,,56,15,7,namecheap,,
1d5fe5ce-d761-4e5a-9d90-1d9b740bacf3,reflexcamera.sex,available,154.98,,64,1,13,namecheap,,
1d651dd0-f48a-4af9-b21e-497efbc2d619,cafeterrace.sex,available,154.98,,80,0,12,namecheap,,
1d6e906e-9564-464f-90de-6adffef7b338,called.sex,available,154.98,,68,15,6,namecheap,,
1d79f762-3bab-4f49-97b1-5291836b5a9f,Godknows.sex,available,154.98,,60,10,9,namecheap,,
1da0bfb4-d2ce-4a05-a866-f6c5a4675090,dropsomeonealine.sex,available,154.98,,70,0,19,namecheap,,
1dbb6599-b921-4369-b925-561b854729b9,predilection.sex,available,154.98,,70,2,12,namecheap,,
1dd9637a-71f1-4bfd-ac10-683f8ad59fdd,winback.sex,available,154.98,,76,8,8,namecheap,,
1ddc4f2b-19d6-4872-b04a-557984d00939,gobelow.sex,available,154.98,,72,0,8,namecheap,,
1ded8d37-be63-4084-90b6-765f1d1724ea,midafternoon.sex,available,154.98,,80,1,12,namecheap,,
1e014a30-0c0d-41ac-9257-4c543b84f615,gettakenin.sex,available,154.98,,70,0,12,namecheap,,
1e038624-881e-461e-9c56-64dee978e34f,dateofdeath.sex,available,154.98,,56,1,13,namecheap,,
1e04e204-1517-404c-a08d-da9767af5c2a,sexwork.sex,available,154.98,,68,8,8,namecheap,,
1e110b33-3e77-45f8-b36e-9b3fb115dc96,flexing.sex,available,154.98,,80,6,7,namecheap,,
1e19d7e1-5ddb-4c3a-a4cf-b04f82ea176b,QueenElizabeth.sex,available,154.98,,82,4,15,namecheap,,
1e402f18-60c5-40f5-959d-6a6c35436e8a,notime.sex,available,154.98,,64,10,7,namecheap,,
1e4147f1-38b9-419e-aa3e-40f194eecb5f,bloodpressure.sex,available,154.98,,70,7,14,namecheap,,
1e607a13-56b7-45e2-9bc4-ccfa60b45479,lookunderrocks.sex,available,154.98,,64,2,16,namecheap,,
1e64d51e-2449-4572-b718-5ee7a60e673c,lockkey.sex,available,154.98,,80,1,8,namecheap,,
1e688347-70ef-4e2f-98cb-986cfa475d30,gettingsome.sex,available,154.98,,54,1,12,namecheap,,
1e893495-0adb-4223-b20f-f0eae1f66f40,specialness.sex,available,154.98,,70,1,11,namecheap,,
1e940a4d-3934-45a3-a377-2dd24a146f14,gives.sex,available,154.98,,52,12,5,namecheap,,
1e99a7ee-daa2-4db0-b57b-ac545e52c12f,Ilostmybackpack.sex,available,154.98,,50,1,18,namecheap,,
1ec7893e-e011-48cb-b224-3fb812c763fe,views.sex,premium,310,,62,18,5,name.com,,
1ed7a823-8716-43d6-a55f-6b362531fa1f,socialstatus.sex,available,154.98,,64,6,13,namecheap,,
1ed931e7-c8d2-4078-9758-3610c3abd64e,proxybullying.sex,available,154.98,,28,1,14,namecheap,,
1ee75d43-0f3c-49f5-beb7-461d0c81fdfa,lightsout.sex,available,154.98,,56,12,10,namecheap,,
1eef7434-e4b1-4e96-a634-63949bba2483,falltotheground.sex,available,154.98,,58,1,18,namecheap,,
1eef9cdc-2465-452c-a89f-01e09ea50199,kissmyass.sex,available,154.98,,62,5,11,namecheap,,
1eff4e6f-7ee8-4918-bdf8-2c0e26235b48,toothpowder.sex,available,154.98,,64,3,12,namecheap,,
1f010c0d-6d8d-473e-abbc-4424a6bde6d9,justification.sex,available,154.98,,62,5,13,namecheap,,
1f047f7c-a56e-4296-9c87-519ceca14462,cleartheair.sex,available,154.98,,70,10,13,namecheap,,
1f0c95c9-d0c6-45d0-ade9-960535434043,surgicalmask.sex,available,179.99,,66,2,13,name.com,,
1f489778-e593-4b51-9bbc-bc9aab6226c4,slipthrough.sex,available,154.98,,66,1,12,namecheap,,
1f4ba1a8-108c-4c14-8dbc-34f8db3cbba2,gettothebottomof.sex,available,154.98,,66,1,20,namecheap,,
1f5103c1-7cdb-4896-bc7b-24c5d5debf43,quizzes.sex,available,154.98,,54,8,7,namecheap,,
1f54bd74-a66a-4380-9f60-1d5822aa2aab,payattention.sex,available,154.98,,68,8,13,namecheap,,
1f5e9ab9-355b-461f-b451-96b4ba4bb337,planets.sex,available,154.98,,60,13,7,namecheap,,
1f6ff7f5-4bd5-4e13-abdc-3308081fbcf6,languages.sex,available,154.98,,62,12,9,namecheap,,
1f73817f-76be-463f-9d0a-ce6bc9ae9147,determines.sex,available,154.98,,58,1,10,namecheap,,
1f7f4be3-a180-42c5-a8b4-c86876f83cbb,startover.sex,available,154.98,,78,6,10,namecheap,,
1f9b7e2f-69d1-48c6-939c-7951c73a9b86,screwdrivers.sex,available,154.98,,52,4,12,namecheap,,
1fa80f08-3589-4cc7-affa-def1973eedfe,atthispoint.sex,available,154.98,,65,1,13,namecheap,,
1fb1a3e0-17b9-49e0-8089-99bd4faca56c,disorganised.sex,available,154.98,,58,1,12,namecheap,,
1fb89b0f-662f-4cff-8d10-51d3de5abba3,keepback.sex,available,154.98,,70,2,9,namecheap,,
1fba1cb9-0b0d-4ac5-8c23-8cc30d92e5e0,setfoot.sex,available,154.98,,70,1,8,namecheap,,
1fba9ad2-7d3b-4b82-ad2d-7a3f31d1d9b3,prefers.sex,available,154.98,,52,3,7,namecheap,,
1fd5462f-b430-4fba-97fa-bc280102d820,terracotta.sex,available,154.98,,72,12,11,namecheap,,
1fdc60a2-59bd-4b1d-9579-11e888b5cfb2,lordofthemanor.sex,available,154.98,,68,1,17,namecheap,,
1fe68ae7-000b-4dcd-a172-d29bca4e0d58,decideon.sex,available,154.98,,76,2,9,namecheap,,
200aa5e3-e209-4682-9ff6-08f0fdbb4731,fundamentals.sex,available,154.98,,74,15,12,namecheap,,
202ce2ca-2e4c-4677-826c-5f72f874102d,holycrap.sex,available,154.98,,56,5,9,namecheap,,
202ed64d-c7af-4256-b00d-c19035f7121b,slideshow.sex,available,154.98,,72,8,10,namecheap,,
2031caa6-a124-4ebd-96db-cdf8297871e1,haveway.sex,available,154.98,,74,1,8,namecheap,,
2036dbc7-9514-4d90-aa14-d28919f720ce,peaking.sex,available,154.98,,74,4,7,namecheap,,
203b18cc-8fb0-496c-9ba6-e6b71f3590ca,substitution.sex,available,154.98,,73,4,12,namecheap,,
204aca68-2464-4abe-b110-c3de599495cd,fruitjuice.sex,available,154.98,,80,3,11,namecheap,,
204ea549-8014-43e2-a7e5-54520d539182,asoftenasnot.sex,available,154.98,,40,1,15,namecheap,,
20505dc5-59dd-4f20-901e-a70b1f05d990,legalheir.sex,available,179.99,,71,1,10,name.com,,
2050b66a-c47d-4c1f-bb60-4b8aae919bbf,dotmatrixprinter.sex,available,154.98,,60,1,18,namecheap,,
205301fd-1f55-426d-aaa4-a87c9de288e1,JollyRoger.sex,available,154.98,,82,10,11,namecheap,,
2072788f-9a07-448c-815f-2b43b8391484,occurred.sex,available,154.98,,60,3,8,namecheap,,
209a430b-8635-4abf-b589-22af234e11b2,players.sex,available,154.98,,69,25,7,namecheap,,
20c4b89d-427f-4620-a1e4-6f01b3a05307,publictransit.sex,available,154.98,,66,3,14,namecheap,,
20d4b0c5-fd8b-4130-9c12-0a0f7600af31,sums.sex,available,154.98,,50,9,4,namecheap,,
20db4ff4-d468-4092-a7d7-06345b4b080b,swimsuits.sex,available,154.98,,62,5,9,namecheap,,
20dc1bec-9d70-49dd-98d5-677105a194b4,pencilpouch.sex,available,154.98,,74,1,12,namecheap,,
20e0c7a4-1574-4d3c-a8a7-18eef1a5c2d8,airfreshener.sex,available,154.98,,72,4,13,namecheap,,
20e3e9af-8b2f-4e78-a60a-4fe7db5d8907,tartarsauce.sex,available,154.98,,76,2,12,namecheap,,
20eadbba-8179-472e-b102-aa525ad0d238,Ilostmywallet.sex,available,154.98,,50,1,16,namecheap,,
20f0c35d-6aef-4422-9512-d5f577b042b4,citizens.sex,available,154.98,,60,19,8,namecheap,,
21117c36-00b6-43a6-80e2-0b1af582b715,getunder.sex,available,154.98,,54,1,9,namecheap,,
21193f06-d95f-4ca2-babe-73f5d2230536,rollout.sex,available,154.98,,72,13,8,namecheap,,
211ca760-7616-4f9f-902d-ec2410892900,commenting.sex,available,154.98,,70,3,10,namecheap,,
211cf46d-7b47-4cf7-961e-bcc78754cd0e,created.sex,available,154.98,,60,17,7,namecheap,,
21288f48-88f9-4d0e-bc9a-436585c2e927,thoughts.sex,available,154.98,,65,18,8,namecheap,,
2135c94f-99de-4042-ae2e-cfdb822926ec,inthethickof.sex,available,154.98,,50,1,15,namecheap,,
215a0fc4-816c-4f89-a1bd-082b730174d3,Instagrammable.sex,available,154.98,,72,2,14,namecheap,,
216905b4-aeeb-437d-9187-f1426a3d71c5,sweetdreams.sex,available,154.98,,64,14,12,namecheap,,
2170d0e9-a60c-497f-84cb-c972b9188a76,geese.sex,available,154.98,,53,10,5,namecheap,,
2179614f-b836-4f9b-a5a1-376614a4eaa5,sitaround.sex,available,154.98,,66,1,10,namecheap,,
217cb9b9-8a91-4c7a-bdd9-e39226c8b495,principles.sex,available,154.98,,58,27,10,namecheap,,
2183495a-cd95-4204-b83d-8af06a1a11ed,jellybaby.sex,available,154.98,,80,2,10,namecheap,,
218bfdd0-5e8d-47ed-8306-c9e21edcabae,natives.sex,available,154.98,,56,9,7,namecheap,,
21a45295-2094-4b01-bcd4-3e714d4df6a1,getstraight.sex,available,154.98,,77,1,12,namecheap,,
21a73f60-3bfb-4cc5-8ffe-bf181cac599d,transmitted.sex,available,154.98,,64,1,11,namecheap,,
21d65ebe-e3b6-44d2-9d3a-4bc6269a806a,finalsweek.sex,available,154.98,,52,1,11,namecheap,,
21d8d59d-428a-44da-af1e-0d01ee997826,IsleofPurbeck.sex,available,154.98,,52,2,15,namecheap,,
21f2f204-bddc-4488-b3ff-98558932ed61,Phillip.sex,available,154.98,,70,14,7,namecheap,,
21ff8b2b-fd62-4723-870e-9e3c6d4fdb6c,TwinTowers.sex,available,154.98,,66,4,11,namecheap,,
2233020c-f86b-4e2b-a10a-274357a919a7,synthesized.sex,available,154.98,,57,3,11,namecheap,,
224210a1-4b78-4cd2-ab04-d4008fbc93f0,newsgroup.sex,available,154.98,,68,5,9,namecheap,,
22451061-1b90-4a6e-a26e-86072f706210,bestwishes.sex,available,154.98,,88,8,11,namecheap,,
224625da-a066-4ec6-b9c4-83f2770c96e6,likemad.sex,available,154.98,,70,0,8,namecheap,,
224dc6fa-bcc4-433f-bb69-54bae90ac316,bicycles.sex,available,154.98,,68,9,8,namecheap,,
2266b704-f32c-4f0e-8861-5ea0a8497fb5,loops.sex,available,154.98,,70,19,5,namecheap,,
227fc6a2-79d9-457c-997d-1be22dfc152a,WestCountry.sex,available,154.98,,62,9,12,namecheap,,
227ffa15-4f39-4152-ab93-fd2f7fa55544,clipstrips.sex,available,154.98,,56,3,11,namecheap,,
22951a9c-3824-4fcf-bb8a-d22555ae1a4f,partitioned.sex,available,154.98,,48,2,11,namecheap,,
22bb147e-2cb0-41f3-94cc-ba4d9b7e9df2,notsomuch.sex,available,154.98,,46,1,11,namecheap,,
22d44783-062f-4719-bed0-e8469078cf46,everbody.sex,available,154.98,,62,3,8,namecheap,,
22d79fd0-baac-447c-a21c-fb0ae0cb1a78,allovertheboard.sex,available,154.98,,42,1,18,namecheap,,
22d95e38-aae0-40f4-ae52-ec7c26a1561b,pairs.sex,available,154.98,,54,11,5,namecheap,,
2301eb09-7842-438f-8e96-c330470d76ea,allthetime.sex,available,154.98,,60,3,12,namecheap,,
23190c27-2b17-4cbe-966e-d25abdaf1ca3,withintent.sex,available,154.98,,54,6,11,namecheap,,
231da65e-003c-4ebd-9d33-6ffec22ead9f,mouthfeel.sex,available,154.98,,72,4,10,namecheap,,
231ff6f6-3ffa-4c1f-b852-12dcdcd8e074,bemother.sex,available,154.98,,74,7,9,namecheap,,
23242cd6-936b-4cb5-9969-319f635eea3e,whom.sex,available,154.98,,54,12,4,namecheap,,
233c0529-8119-4ef1-90ea-501c1a8b2234,uploadability.sex,available,154.98,,60,1,13,namecheap,,
23493ed9-45b6-446d-add2-5888ef4461ac,maketheheadlines.sex,available,154.98,,72,0,18,namecheap,,
234b3e5c-269e-44a4-816d-095f2aff48b4,gooutside.sex,available,154.98,,84,5,10,namecheap,,
234d8794-e410-4de5-ae9f-777bd82536dd,resources.sex,available,154.98,,58,21,9,namecheap,,
23876e04-7ea0-4011-8d6d-182d492ae4a6,provides.sex,available,154.98,,56,5,8,namecheap,,
2398e7f3-1152-48cd-9703-d1c0f53438d8,gonowherefast.sex,available,154.98,,50,1,15,namecheap,,
2398e7f7-686c-492d-839f-9a50ca605738,termination.sex,available,154.98,,71,3,11,namecheap,,
239b1583-9f87-4425-a2be-b9de41e8bda5,asyouwish.sex,available,154.98,,80,7,11,namecheap,,
23a08565-057c-4e32-8dfd-7faeae791131,releaseversion.sex,available,154.98,,70,1,15,namecheap,,
23a4d03b-1322-4523-a681-0b98edfd2b50,addresses.sex,available,154.98,,56,7,9,namecheap,,
23ab9534-d8fc-4dcc-bb93-3a087af6e8de,inshortorder.sex,available,154.98,,52,0,14,namecheap,,
23b16b60-f4b1-40e9-b230-5f234612afc5,soundbar.sex,available,154.98,,78,6,8,namecheap,,
23b61b39-b2c4-471a-8baf-06944fca6b62,chickenliver.sex,available,154.98,,64,1,13,namecheap,,
23bfe56a-f04d-47c8-95f6-43cc84c6a0b1,pans.sex,available,154.98,,52,8,4,namecheap,,
23c72f36-a82f-4da5-b972-7f0e0969091d,pressrelease.sex,available,154.98,,64,14,13,namecheap,,
23cd08fe-d172-4300-a2f9-f2d59553e841,StCharles.sex,available,154.98,,70,5,11,namecheap,,
23ce909f-aa0e-4ff2-9440-2121b42e65ab,gooutwithabang.sex,available,154.98,,66,1,18,namecheap,,
23cf814e-0d25-4d3c-9e94-cf6365d52b38,successes.sex,available,154.98,,62,8,9,namecheap,,
23cf84fb-2d89-48d1-95b7-07b4fb9700dc,results.sex,available,154.98,,59,22,7,namecheap,,
23ed4522-cc13-490a-a0dc-bc7717efce98,gingerbreadman.sex,available,154.98,,70,3,15,namecheap,,
240bb697-ecb6-458c-839a-e6733b1b9bee,givelife.sex,available,154.98,,58,5,9,namecheap,,
240fa942-b443-4350-aacd-cc71a24aef7a,distinctivepaper.sex,available,154.98,,72,1,17,namecheap,,
2415c5bf-413f-49df-b548-67353c9ac21d,commonstock.sex,available,154.98,,68,3,12,namecheap,,
242140a6-9315-46d4-b835-150b4bff9f0f,hanginthere.sex,available,154.98,,54,3,13,namecheap,,
2429deea-c178-458d-a4f5-a194372d1975,favors.sex,available,154.98,,76,8,6,namecheap,,
244bfa73-ee13-476d-b698-bb651df3a699,leavenocrumbs.sex,available,154.98,,70,1,15,namecheap,,
24622613-e33f-4b49-ae17-218d3173c38f,sqin.sex,available,154.98,,72,3,5,namecheap,,
2464cca4-4527-468d-a0b6-a22c8ba41d79,gotobat.sex,available,154.98,,70,2,9,namecheap,,
246bc052-1f3a-4efe-bfbc-50ff5bb446b1,commoncold.sex,available,154.98,,68,1,11,namecheap,,
24832699-1609-423d-a9e0-2f146f4b7014,whereabouts.sex,available,154.98,,62,8,11,namecheap,,
24931077-3083-4bef-8a17-f17402c021ee,MardiGras.sex,available,154.98,,78,10,10,namecheap,,
24a371ec-0d46-4362-b136-73ee6fa03ad5,categorically.sex,available,154.98,,50,2,13,namecheap,,
24a4485d-b743-4fb6-8f05-1afce037f922,royalties.sex,available,154.98,,56,9,9,namecheap,,
24a65048-1bb7-4146-8054-2ef3086bf425,parenting.sex,available,154.98,,80,24,9,namecheap,,
24a89369-9511-49e1-9506-ba35d089cf07,keepcompany.sex,available,154.98,,82,2,12,namecheap,,
24c7f097-5f7c-4fc8-a334-5a59177b2825,leavethechat.sex,available,154.98,,68,2,14,namecheap,,
24cf5e05-ca94-4f94-9fdf-2188b1e8ad94,makehappen.sex,available,154.98,,80,3,11,namecheap,,
24d47211-91c7-4898-8e38-118b9323b107,hospitals.sex,available,154.98,,64,10,9,namecheap,,
24e23202-d848-4790-a09d-81fd6e3891a2,myson.sex,available,154.98,,80,5,6,namecheap,,
24effaa1-3138-490e-b9e9-a1a36948ef63,Codes.sex,available,154.98,,70,20,5,namecheap,,
24f475d9-1c9e-4c5f-a599-e12fcfb6150d,manybodied.sex,available,154.98,,68,1,11,namecheap,,
24f9054b-4cd0-448b-9f43-c50ed437bdd6,throwabout.sex,available,154.98,,69,1,11,namecheap,,
250acdaf-bd22-4f54-97a1-9ea0bb230a2f,yeahnah.sex,available,154.98,,54,11,8,namecheap,,
252b4114-f1c3-4210-9c41-d3d969dcc893,offerings.sex,available,154.98,,52,4,9,namecheap,,
2533c48b-5e2e-4c44-bdcd-00ceb3852048,howareyougoing.sex,available,154.98,,52,5,17,namecheap,,
253a518e-38f2-4093-ae9c-bfcc05eb7caa,ricevinegar.sex,available,154.98,,71,2,12,namecheap,,
254a4ddc-ae21-482e-8a75-e7bb1e8bb783,socialliberal.sex,available,154.98,,60,2,14,namecheap,,
25535434-95df-4d6c-80bc-6cf084e2d64f,setthestage.sex,available,154.98,,66,3,13,namecheap,,
2582c3aa-b599-43d5-9292-e867b969a69e,justgone.sex,available,154.98,,61,2,9,namecheap,,
25b40b59-722d-46b3-bec9-2d79c674a524,filesize.sex,available,154.98,,64,2,9,namecheap,,
25be07f2-eed2-4396-ac67-0ffa3e43faa7,letmesee.sex,available,154.98,,60,14,10,namecheap,,
25c3af87-b76c-4d41-aa53-1a23131ae670,gettoknow.sex,available,154.98,,79,8,11,namecheap,,
25c96d8a-85b9-4058-8240-52fcdf0dc568,lifelesson.sex,available,154.98,,80,3,11,namecheap,,
25e301e0-c321-400a-b53d-848c16d01fd3,soups.sex,available,154.98,,56,6,5,namecheap,,
25e3e2d5-5c82-4057-a950-e769344366ca,arbitrarily.sex,available,154.98,,56,1,11,namecheap,,
25f69a9a-520b-4b0b-a6f5-f281e5ce777e,ferries.sex,available,154.98,,54,7,7,namecheap,,
2607d2ce-5097-4b84-a152-933479b1e233,instruments.sex,available,154.98,,62,11,11,namecheap,,
2622c52f-1c99-417d-805c-ca5550c77f07,tossacoin.sex,available,154.98,,73,7,11,namecheap,,
262a0e69-519f-4e32-8947-1c1c25ae4f32,promotes.sex,available,154.98,,56,2,8,namecheap,,
264a9cbc-5e74-4312-bb13-8d8c97017abe,twothousand.sex,available,154.98,,52,2,12,namecheap,,
264b5a78-b314-4920-b368-e0c8f4481450,stores.sex,premium,310,,62,20,6,name.com,,
265da6d0-c1b3-412b-a68f-bd811a85c69f,information.sex,available,154.98,,88,26,11,namecheap,,
2662f672-ddf5-4477-a953-d487929b0b1e,ratings.sex,available,154.98,,53,19,7,namecheap,,
26653e7e-3aaa-444d-88b1-2152cc3f9508,wouldithurt.sex,available,154.98,,44,10,13,namecheap,,
268bbc26-b653-4a39-afe3-1388b3e9ae6b,generates.sex,available,154.98,,54,2,9,namecheap,,
268f1bb4-79fe-4120-87a3-00911108c864,closeofbusiness.sex,available,154.98,,70,1,17,namecheap,,
2690b6cc-df45-4274-8cde-fb12af5c8892,majorityleader.sex,available,154.98,,54,1,15,namecheap,,
26dab3fc-2f21-49d9-9635-b693facce262,distinctiveness.sex,available,154.98,,72,1,15,namecheap,,
26e1cea0-9a0d-4be5-b744-eb904872f349,divinejudgement.sex,available,154.98,,47,1,16,namecheap,,
26fed01c-23cc-4388-97b1-15dd6a7e5dae,recalled.sex,available,154.98,,62,4,8,namecheap,,
270d7d63-9eb7-444b-abb9-c485afe305d3,haveonemoretime.sex,available,154.98,,58,0,18,namecheap,,
2719c6ca-98aa-406a-bd45-020490121c17,showed.sex,available,154.98,,51,8,6,namecheap,,
27220abb-9beb-4493-84f3-ff8440c442fe,turndown.sex,available,154.98,,74,4,9,namecheap,,
2733876f-8335-4bcc-97b2-f402c84d7270,gostrong.sex,available,154.98,,74,4,9,namecheap,,
2736c3fd-596e-4489-886a-fc0619a3554e,bloodpressuregage.sex,available,154.98,,48,1,19,namecheap,,
27438f1f-db43-42d4-b69d-3946f698bf0d,commonpractice.sex,available,154.98,,66,4,15,namecheap,,
27537634-2e40-4cc6-b29e-831bed0cc1fb,Ihaveadisability.sex,available,154.98,,50,1,19,namecheap,,
276be19c-d90f-4bb9-ac00-30c3b13f41fd,parents.sex,available,154.98,,66,14,7,namecheap,,
279b0331-bd2b-4069-a247-74636cdac206,inshorttrousers.sex,available,154.98,,58,1,17,namecheap,,
27ac74a6-6203-4948-ae7f-99893d70b240,lowback.sex,available,154.98,,66,2,8,namecheap,,
27aeaf3b-9ba0-47e6-9a78-6b94d41d5ef3,jumps.sex,available,154.98,,73,12,5,namecheap,,
27af55e7-a875-4151-8298-9ee81aa0b6dc,stepoff.sex,available,154.98,,68,2,8,namecheap,,
27b6124c-4c8a-42f1-aff0-c0322cbeaa74,gettheballrolling.sex,available,154.98,,72,1,20,namecheap,,
27bb6363-d878-421b-9ca0-329795afa8ee,dollarstore.sex,available,154.98,,62,15,12,namecheap,,
27bbc41f-f724-47bf-aeed-506878a35061,getup.sex,available,154.98,,82,14,6,namecheap,,
27d72a4b-5e4d-4163-99ec-a818d5da0197,Frenchroll.sex,available,154.98,,56,1,11,namecheap,,
27ece032-c7c6-443d-8989-a837cba78479,swaps.sex,available,154.98,,50,10,5,namecheap,,
27f8d9a3-8253-4a48-b378-94ec3b086b61,glances.sex,available,154.98,,52,5,7,namecheap,,
27f8f554-e0c4-4726-801c-805b64ede000,youngest.sex,available,154.98,,74,5,8,namecheap,,
280566a9-fb8b-40a4-bfbc-b713d353d82b,wannabet.sex,available,154.98,,62,6,9,namecheap,,
281818b1-5efd-4e36-a804-c47b2e78da2e,pizzaslice.sex,available,154.98,,56,4,11,namecheap,,
282cda4a-3c9e-4222-8aa9-270b16927a94,forms.sex,available,154.98,,54,28,5,namecheap,,
285e7909-8fc6-4a40-8381-9e1fc065cba7,stackup.sex,available,154.98,,64,11,8,namecheap,,
2862013b-af3a-480f-8f2b-835978c1c0fd,moveabout.sex,available,154.98,,73,2,10,namecheap,,
287939e3-5d3a-473b-bf18-34eb3c76f491,insight.sex,available,154.98,,76,69,8,namecheap,,
28807726-69b4-40fb-a431-124ce51b84f2,pinkelephant.sex,available,154.98,,60,7,13,namecheap,,
288a6613-bb14-44ce-9dac-6420f6389c45,gobigorgohome.sex,available,154.98,,68,3,17,namecheap,,
2895ca8a-bf67-4da3-b3b0-dc63d30df767,toomany.sex,available,154.98,,54,12,8,namecheap,,
289faf66-fbad-4590-9e68-969f468b36ec,saddening.sex,available,154.98,,60,1,9,namecheap,,
28c5081e-f7cb-4ca2-ba09-054ef77d0c54,DJIA.sex,premium,,,68,5,4,,,
28d4a85f-6145-4af2-8f9f-fbc3175ed7a0,introductory.sex,available,154.98,,74,2,12,namecheap,,
28dc35f2-36ac-4571-b26d-5b8a821ca471,abouttime.sex,available,154.98,,64,9,10,namecheap,,
28e80328-0587-4fc4-93dd-a28e733f3f56,nowfor.sex,available,179.99,,58,1,7,name.com,,
28f2b6bb-d4a8-409a-a7ea-aeb8dbca62cd,been.sex,available,154.98,,60,10,4,namecheap,,
28f95ee4-a623-4dc2-902b-3dd117fcc0c3,requesting.sex,available,154.98,,49,5,10,namecheap,,
2903d9a0-596e-4baa-bc7d-abaf0203c13a,giveinto.sex,available,154.98,,70,10,9,namecheap,,
29086dd7-93c5-4a52-a9fd-efb5c5ec14bc,Sundayroast.sex,available,154.98,,84,4,12,namecheap,,
290b2c06-7396-48eb-818f-ca7935cb556c,dues.sex,available,154.98,,70,6,4,namecheap,,
290e9d24-bc7d-4654-b98b-3a9ed374ab12,passinggrade.sex,available,154.98,,64,1,13,namecheap,,
2920beba-7533-437d-9afe-ab0917e22042,dogsledding.sex,available,154.98,,76,2,11,namecheap,,
294c8c0d-c41c-4caa-b90f-bcd73a1c34ba,goingover.sex,available,154.98,,72,1,10,namecheap,,
294e2d1c-06e5-4bd0-8a18-3cb73034c6c2,getonwith.sex,available,154.98,,79,1,11,namecheap,,
294efa66-99df-4011-84b5-582f7f108fdc,cometoaboil.sex,available,154.98,,62,1,14,namecheap,,
295a7a9d-2e5d-4f0f-b7ab-6047eb1e9ab3,tks.sex,available,179.99,,70,17,3,name.com,,
2962d2bb-0a72-4aec-9cba-0b6fdf65a4ce,Flags.sex,available,154.98,,64,15,5,namecheap,,
29650b27-1e22-495b-9c83-9586228fa475,brands.sex,available,154.98,,62,28,6,namecheap,,
29692264-39fc-4839-9a60-a52f5c343c72,proceeded.sex,available,154.98,,60,2,9,namecheap,,
297283c9-771a-4f27-bcbc-4786b230890d,GreenPark.sex,available,154.98,,72,17,10,namecheap,,
299501b3-fd6b-4faa-9800-5a347f976bb8,grands.sex,available,154.98,,66,8,6,namecheap,,
29afb23f-c593-4325-a1a5-cfb95b8ee639,fatandhappy.sex,available,154.98,,68,2,13,namecheap,,
29c2c7fa-43d0-46d9-ab55-1e95ed12040b,commonkiwi.sex,available,154.98,,54,7,11,namecheap,,
29d06ad7-19e0-4010-b14c-99386d1f5cf0,description.sex,available,154.98,,80,7,11,namecheap,,
29eefa8d-5e4e-435f-918c-4a58f6e517ba,NewYorkState.sex,available,154.98,,76,4,14,namecheap,,
29f516a8-9326-4757-929d-9be8b174dc72,packup.sex,available,154.98,,76,5,7,namecheap,,
29ffe4d4-50b9-4bb0-bfcc-430955dbc2d1,believeme.sex,available,154.98,,68,3,10,namecheap,,
2a140fee-bec8-4204-bf98-995c1fd7aba7,freshair.sex,available,154.98,,78,20,9,namecheap,,
2a25c191-e9f0-4b2c-8e6f-8a08b87df886,backwardslash.sex,available,154.98,,62,1,14,namecheap,,
2a3bf57f-33eb-4eda-91bc-8d9031f3485f,sofarsogood.sex,available,154.98,,60,6,14,namecheap,,
2a7607db-ae9a-4346-8d63-ac61768355df,sourcecode.sex,available,154.98,,70,16,11,namecheap,,
2a8cd5f4-9695-4b92-b91c-b20db4a86283,planetarium.sex,available,154.98,,74,10,11,namecheap,,
2a98e7a8-1e77-40ac-9a52-bd9fe53d6a7f,takecareof.sex,available,154.98,,80,11,12,namecheap,,
2a9922b4-2174-446e-85ae-8ec00c6b16e7,mothahfuggah.sex,available,154.98,,66,0,12,namecheap,,
2a9b1a3e-b6e9-4d62-8b57-f975ade29046,godownhill.sex,available,154.98,,68,1,11,namecheap,,
2a9e9a16-7209-4770-8efd-f1b52f3ec47b,grandfatherinlaw.sex,available,154.98,,76,5,18,namecheap,,
2abd7a40-74b1-4ce8-941c-7a7694c23709,computerliterate.sex,available,154.98,,66,1,17,namecheap,,
2ac2159f-e16e-4bbe-8f3f-aa5ebc6e68dd,timbertruss.sex,available,154.98,,54,2,12,namecheap,,
2ace01f4-5e0a-4bbb-b129-605018ea625d,gonumbertwo.sex,available,154.98,,40,1,13,namecheap,,
2ace92b0-74f4-4678-a41d-9e2e27304a37,necks.sex,available,154.98,,52,3,5,namecheap,,
2ad85345-acdd-4eb6-b7cf-fe960317af04,sameoldstuff.sex,available,154.98,,34,1,14,namecheap,,
2afbc26d-1b9d-4dde-9a99-964bd8602298,goodbet.sex,available,154.98,,74,9,8,namecheap,,
2afe13a3-769f-4201-94b6-c75502122cc4,forces.sex,available,154.98,,82,12,6,namecheap,,
2b014a74-fd84-4d0c-bcd8-6b71ca09aa11,primarytooth.sex,available,154.98,,60,2,13,namecheap,,
2b15e2e0-7d58-4ecb-bc00-64d682f1c321,Californiakilowatt.sex,available,154.98,,66,1,19,namecheap,,
2b16faeb-54c4-4b33-be3a-d38d3bc8a45e,riseabove.sex,available,154.98,,75,10,10,namecheap,,
2b190afd-a0ee-48a9-bc46-a4723bcb0db6,justsaying.sex,available,154.98,,57,7,11,namecheap,,
2b1f1623-df1d-4ca9-80f9-596bff0b62b3,silverspoon.sex,available,154.98,,77,18,12,namecheap,,
2b2b70b2-130f-4006-8874-57f2c68aaf23,persistence.sex,available,154.98,,72,12,11,namecheap,,
2b455428-d241-46b7-a27e-a9cb4dabac5e,Itellalie.sex,available,154.98,,58,1,12,namecheap,,
2b5388bd-4a64-4924-9461-537d467dce25,surfaces.sex,available,154.98,,54,14,8,namecheap,,
2b587033-8b93-4bbe-bf4e-15441f6e82e9,multiplayer.sex,available,154.98,,81,20,11,namecheap,,
2b63416e-8aff-4959-a251-60ba89e7f2c9,generalequilibrium.sex,available,154.98,,62,1,19,namecheap,,
2b855b21-fb0c-415c-a578-2663b870abeb,sockit.sex,available,154.98,,70,5,7,namecheap,,
2bb4af4d-c67e-4b3b-98f0-de940d56136d,bighair.sex,available,154.98,,74,3,8,namecheap,,
2bc76cc1-718e-4842-8fe0-dfa61e103dd2,gowiththeflow.sex,available,154.98,,82,7,16,namecheap,,
2be6188d-4541-40cd-bea7-6f2ee9c6d4bc,arriveat.sex,available,154.98,,70,1,9,namecheap,,
2bf82ba2-9590-4c50-b830-0f876cb08156,Ihaveatoothache.sex,available,154.98,,50,1,18,namecheap,,
2bfdd501-a138-48c3-8741-0558ebb24ef9,underestimated.sex,available,154.98,,42,6,14,namecheap,,
2c05af06-88f4-4e4d-9e8b-df41f76868f6,coffeemaker.sex,available,154.98,,80,6,12,namecheap,,
2c0eebfb-8bdd-45eb-94b2-3edf76d8af8f,nitpicking.sex,available,154.98,,58,1,10,namecheap,,
2c415c74-a6f3-4d06-b2d9-9ccf509597b7,rightaway.sex,available,154.98,,58,9,10,namecheap,,
2c5293f6-6f77-49a1-b32c-ffa7a7dc4b76,chemicaltoilet.sex,available,154.98,,52,0,15,namecheap,,
2c622a01-2f28-4aaa-9248-563029686855,wouldof.sex,available,154.98,,55,1,8,namecheap,,
2c7bea72-5ad0-4dbf-a537-6aa8a37a69e1,inchargeof.sex,available,154.98,,49,1,12,namecheap,,
2c7c74d5-af34-4f6f-9c36-fa50259e0ccc,thisinstant.sex,available,154.98,,65,7,12,namecheap,,
2c7d6d2b-6c89-4f6e-9f3e-107f3b23d84c,divineintervention.sex,available,154.98,,68,6,19,namecheap,,
2c7fafb8-ce9c-4c75-af19-f8a235dae785,remembering.sex,available,154.98,,72,9,11,namecheap,,
2c87e2c1-8ba5-4883-a161-3f1f72dd194d,setforth.sex,available,154.98,,72,4,9,namecheap,,
2c9eb2d2-e074-4e8b-adca-8986b7646f0a,sucked.sex,available,154.98,,54,4,6,namecheap,,
2cb28ccb-ca35-4028-90a5-56712dbe5954,coffeebreak.sex,available,154.98,,86,10,12,namecheap,,
2cb5e011-dad4-4bcc-b999-b0572f4f1d30,changeofvenue.sex,available,154.98,,60,1,15,namecheap,,
2cbd9d7c-3240-48c7-bbbd-b90649199726,amplifies.sex,available,154.98,,56,2,9,namecheap,,
2cd898ea-1f86-40fe-898e-c598dac56e97,economically.sex,available,154.98,,58,2,12,namecheap,,
2d08e932-9b6e-4a91-9be8-bb3cd7ec8967,Frenchpie.sex,available,154.98,,62,1,10,namecheap,,
2d0937fc-29cc-40a1-9dbf-d80f8cc49d3b,webcontent.sex,available,154.98,,78,5,11,namecheap,,
2d1afedc-34ca-4565-a22b-f26977ad0f58,theirs.sex,available,154.98,,52,12,6,namecheap,,
2d1d0faf-58b7-4421-956c-5bb44a801511,restructuring.sex,available,154.98,,60,6,13,namecheap,,
2d1ed1fa-3e94-427c-af46-c153b7c15318,underpowered.sex,available,154.98,,58,1,12,namecheap,,
2d2a1d2c-2493-4d0a-acf5-9ecb79fa1fcc,manytime.sex,available,154.98,,62,1,9,namecheap,,
2d314f56-1e15-46ce-a03d-496bd5d57790,finals.sex,available,154.98,,80,7,6,namecheap,,
2d384298-7eaa-448c-ae4b-5b0e975365c4,hightechnology.sex,available,154.98,,73,3,15,namecheap,,
2d5895c1-2776-463b-8326-57acb5ce1573,feelupto.sex,available,154.98,,50,1,10,namecheap,,
2d64c45b-77a2-43e0-9742-3624b33b1a70,gosteady.sex,available,154.98,,70,3,9,namecheap,,
2d7cab60-1c29-42b6-84f7-ca7625baca57,comeinhandy.sex,available,154.98,,76,1,13,namecheap,,
2d805b12-00f6-44fc-9610-27835e05dfd2,standon.sex,available,154.98,,71,3,8,namecheap,,
2da953a3-2b83-49c3-94fd-d3afa8392c56,getitoverwith.sex,available,154.98,,50,1,16,namecheap,,
2ddaa638-01d9-4ddd-a4f9-54e3f9ea2e1c,snowballs.sex,available,154.98,,59,7,9,namecheap,,
2df05000-172a-4152-af4a-8dd0c20acc9f,hotpepper.sex,available,154.98,,74,9,10,namecheap,,
2e00db77-cb1e-487e-91fb-bb16e303a06c,spiders.sex,available,154.98,,56,10,7,namecheap,,
2e02b5a9-4ac8-465c-984f-ce301471f6f5,Guys.sex,premium,347.2,347.2,68,13,4,namecheap,,
2e18139e-1c39-41ae-aaf6-cbfb699d60eb,presentation.sex,available,154.98,,76,19,12,namecheap,,
2e3944a7-5bc7-4662-9e7e-f21079d09afa,Panes.sex,available,154.98,,68,6,5,namecheap,,
2e4f8e73-61e7-445e-aa58-10c9f3615959,volunteers.sex,available,154.98,,62,12,10,namecheap,,
2e510bf6-f74e-483b-b1e5-7ed5160455d9,OKboomer.sex,available,154.98,,82,6,9,namecheap,,
2e512bc0-173f-47c3-ba1a-fd59d793fde4,letonerip.sex,available,154.98,,75,1,11,namecheap,,
2e6ba64a-4649-4890-be88-2b0ebfae05dd,flaxcotton.sex,available,154.98,,56,0,11,namecheap,,
2e7f150a-4bda-4b6f-9bd5-4d1bc2b84ead,accountants.sex,available,154.98,,50,16,11,namecheap,,
2e7f9fa6-8a9b-446a-b319-f442b58ab891,Scotchtape.sex,available,154.98,,80,2,11,namecheap,,
2e822351-c1a6-42aa-914f-db69b05db344,manysidedness.sex,available,154.98,,64,1,14,namecheap,,
2e9f8d84-a19a-483e-b81b-d9bc6a2243c5,whitevanman.sex,available,154.98,,56,1,13,namecheap,,
2e9fb95f-02a4-4122-9bf7-ed9962d61c2f,receptions.sex,available,154.98,,53,4,10,namecheap,,
2ea76410-aee2-4b7c-8df7-dc8c980de7f0,largeandincharge.sex,available,154.98,,62,1,19,namecheap,,
2ea9d181-ae6d-4ec9-854e-589811471ef0,takealeak.sex,available,154.98,,63,1,11,namecheap,,
2eb30cd9-10d0-4fcb-a1ab-2cdf6abfe859,generalsurgery.sex,available,154.98,,70,4,15,namecheap,,
2ebac038-5902-424e-aa61-2eab1148aa11,nodded.sex,available,154.98,,56,2,6,namecheap,,
2ec0c5ea-c573-48d8-a150-fd83cc256c37,youwhat.sex,available,154.98,,58,8,8,namecheap,,
2ec3974a-2e1c-42e8-9caf-0e7c42037771,streetcrime.sex,available,154.98,,58,4,12,namecheap,,
2ecbfcc0-1c74-42cc-8d93-97bb03619a89,macaronicheese.sex,available,154.98,,72,1,15,namecheap,,
2ecc9cd4-d54b-401f-8b47-8355596d82ee,lordover.sex,available,154.98,,72,1,9,namecheap,,
2edc6f66-20e0-48cd-921f-257c33ec85b0,engines.sex,available,154.98,,58,11,7,namecheap,,
2ef63ee0-bc11-42a8-9c62-0af65ecd08cb,havemoneytoburn.sex,available,154.98,,46,1,18,namecheap,,
2f1a8ff8-fabd-499b-bd6a-6e9aae9007d4,getupin.sex,available,154.98,,74,1,9,namecheap,,
2f1fb499-f8f6-4e08-8e0d-30fd95f7f616,jetairliner.sex,available,154.98,,58,1,12,namecheap,,
2f660445-940f-47ff-84df-4b7dbb778302,gardensalad.sex,available,154.98,,80,1,12,namecheap,,
2f77fcb2-8fa4-4d31-ab89-38c63e507360,pairingoff.sex,available,154.98,,50,0,11,namecheap,,
2f80c5cb-7dd3-4ea2-9c22-289f410bfb6a,platearmour.sex,available,154.98,,65,1,12,namecheap,,
2f859fc9-25b2-4af1-947d-a6c4f0d38305,themasses.sex,available,154.98,,60,4,10,namecheap,,
2f8c7ba7-e1f4-47e7-81e4-02de1e93a8d7,domesticworker.sex,available,154.98,,68,2,15,namecheap,,
2fa7a976-7676-4421-b41c-ef39775705f5,snakeoil.sex,available,154.98,,63,15,9,namecheap,,
2fd3f239-4000-4ed7-8df5-8d568c640822,naturalgas.sex,available,154.98,,70,7,11,namecheap,,
2fd9d72e-5586-4b82-95e7-271d252c3c27,remarks.sex,available,154.98,,56,6,7,namecheap,,
2fdae4ba-9106-436e-8e51-d895f7bd3428,chickenofthesea.sex,available,154.98,,68,2,18,namecheap,,
2fe877f8-4573-462d-be05-1c91c680243a,lunchmaking.sex,available,154.98,,78,1,11,namecheap,,
2fea631c-40d3-4aa7-8d53-7d36da8e92ef,safersex.sex,available,154.98,,76,5,9,namecheap,,
2ff16564-4cee-4d77-8eb0-9bf0a91ce566,discjockey.sex,available,154.98,,82,7,11,namecheap,,
2ff9a879-9faa-477c-b03b-070780d5d1c8,comewith.sex,available,154.98,,72,3,9,namecheap,,
2ffb925b-5c44-4442-867f-2f8c63c97e35,strepthroat.sex,available,154.98,,68,2,12,namecheap,,
2ffff5f7-d2c6-4d90-9c36-dd29bb7d20ba,feelfree.sex,available,154.98,,82,9,9,namecheap,,
300bd97d-59df-4d9b-9836-089d4b7711fe,stockmarket.sex,available,154.98,,80,30,12,namecheap,,
301ad26e-2628-4ddf-b797-9f26dd67eb06,happier.sex,available,154.98,,62,16,7,namecheap,,
3025f987-e78a-4b3f-b396-6bfeb523465b,ideas.sex,available,154.98,,62,37,5,namecheap,,
30265ea9-ff13-4572-90c3-39ce85d68740,stepbystep.sex,available,154.98,,62,14,12,namecheap,,
3030c52d-8e24-4313-be19-81fcac4672ad,dothedishes.sex,available,154.98,,62,2,13,namecheap,,
3031beb3-0bc4-42cb-aea2-c90f2bc33b01,perceiving.sex,available,154.98,,74,2,10,namecheap,,
303f8565-768a-4442-8ba9-9f41e4f87eaa,folicacid.sex,available,154.98,,80,1,10,namecheap,,
30424a18-ceb8-4d58-87a6-4dfd4e0f0ed5,asprovidedfor.sex,available,154.98,,40,0,15,namecheap,,
306525d6-0789-4276-92d4-985132867b5b,numlock.sex,available,154.98,,70,4,8,namecheap,,
3083d2d1-02b9-4e97-9fd3-b47ff44981a9,accountreceivable.sex,available,154.98,,62,1,18,namecheap,,
30869bf4-63ae-40ad-bf2b-a08329329ac5,particles.sex,available,154.98,,56,10,9,namecheap,,
308bd750-3148-4995-8378-73ac3885fbdb,havemercy.sex,available,154.98,,80,2,10,namecheap,,
30917afb-2a0a-4a02-af9e-52e51b52fefe,prizes.sex,available,154.98,,60,11,6,namecheap,,
30919416-363c-48e3-8daa-39fd820d8f0e,asthecrowflies.sex,available,154.98,,48,4,17,namecheap,,
3095815c-e7d5-4697-9f5e-123bd7723c92,lightupon.sex,available,154.98,,72,2,10,namecheap,,
3099faff-9be2-4bb2-8ca7-f4a13f2376e1,trussbeam.sex,available,154.98,,54,1,10,namecheap,,
309b3dff-9f1c-44ab-abbe-b59b3b8f63b0,shouts.sex,available,154.98,,47,5,6,namecheap,,
30ad57ed-970e-460f-a1e1-06df5fb884fc,comeondown.sex,available,154.98,,76,1,12,namecheap,,
30d9c335-991b-4a55-b265-6c9c62ef96e5,luncheonmeat.sex,available,154.98,,70,2,13,namecheap,,
30efb6af-5f45-4dc1-91b9-00c69cb847ab,farmstand.sex,available,154.98,,74,6,10,namecheap,,
312dea35-64de-4dde-b525-e4e9dc3bdfad,temperature.sex,available,154.98,,78,11,11,namecheap,,
31532837-e428-4504-9a57-fa8aa2ad4206,lettersize.sex,available,154.98,,55,1,11,namecheap,,
31544669-5f76-4e8c-8cc5-90acfe810fab,makeswaves.sex,available,154.98,,60,1,11,namecheap,,
31826d06-090d-49ba-a821-1d12f9aeabc3,puttogether.sex,available,154.98,,83,4,12,namecheap,,
318891ef-adba-4cc1-aef0-b0ffe0c821da,letterpatent.sex,available,154.98,,61,1,13,namecheap,,
31a800e7-4a0d-4492-81ff-2468450caac3,pipecleaners.sex,available,154.98,,45,1,13,namecheap,,
31a82d6e-d33f-4b62-8559-c7dd3c71c7d2,airmarshal.sex,available,154.98,,76,3,11,namecheap,,
31c78b17-1e2c-48e6-a3ca-013ed2dec045,finaltest.sex,available,154.98,,58,2,10,namecheap,,
31c99c8b-b498-414c-b0df-d8b4f84b8013,tasks.sex,available,154.98,,66,24,5,namecheap,,
31d2ef5b-6c79-4742-ad8a-44595fcc368a,WikiLeaks.sex,available,154.98,,53,13,9,namecheap,,
31e714ba-f41a-44e0-b2da-35c8bb9d2620,hairfollicle.sex,available,154.98,,68,1,13,namecheap,,
31fa3aaf-252d-45c3-8e2c-eb0f9bd8881a,personallife.sex,available,154.98,,68,3,13,namecheap,,
31fee00f-4fe8-4fd2-8cf1-4e410a91e136,thesame.sex,available,154.98,,54,5,8,namecheap,,
320a85c5-3282-4852-8c7f-8265bf9e2d00,atthewheel.sex,available,154.98,,72,1,12,namecheap,,
32299a0e-ee69-4567-82a0-a2114f3e64d0,havereason.sex,available,154.98,,76,1,11,namecheap,,
323eb0ee-1971-489a-a288-76fc83c9a00e,commonsalt.sex,available,154.98,,72,1,11,namecheap,,
32464a05-ca23-486e-805b-bee58c1cfc3e,useit.sex,available,154.98,,94,7,6,namecheap,,
324bcc52-ce9e-4255-9162-05965c684b01,tooneself.sex,available,154.98,,66,1,10,namecheap,,
32561a3b-800f-4dd7-a04d-62ab90aebac4,techweek.sex,available,154.98,,74,12,9,namecheap,,
32583dc1-db8b-455d-9286-799382766629,nauseousness.sex,available,154.98,,58,1,12,namecheap,,
326a1817-e6fa-4735-ae09-4eb69911b7d1,coffeesenna.sex,available,154.98,,80,1,12,namecheap,,
3272a75f-1e4f-460c-bc62-551c413de1b7,thrilly.sex,available,154.98,,71,2,7,namecheap,,
3273d775-3556-4d62-889c-5da79b4ba200,creditspread.sex,available,154.98,,60,1,13,namecheap,,
327fa8c8-6255-400c-a15f-7c73fd8c8f29,tapon.sex,available,154.98,,48,5,6,namecheap,,
3280d0c1-30fa-4569-be6b-59869b15f49d,rollercoaster.sex,available,154.98,,69,8,14,namecheap,,
328fef15-d7e0-4485-943a-5f5ae19c3e9b,onspecial.sex,available,154.98,,52,2,10,namecheap,,
32bf256d-2ef2-48af-9b15-31870d9c7c86,oncemore.sex,available,154.98,,61,12,9,namecheap,,
32cd51f3-e348-4c34-b70f-bd1ae7113c68,followedby.sex,available,154.98,,60,1,11,namecheap,,
32cf9b54-f896-452f-a8ee-5003d875cba6,motoroil.sex,available,154.98,,68,4,9,namecheap,,
32d01033-e81d-4207-a316-6b2314f9de64,colleagues.sex,available,154.98,,56,5,10,namecheap,,
32dbec25-f823-409a-8bbc-854f19dad24d,takebystorm.sex,available,154.98,,70,0,13,namecheap,,
32ece508-903b-4e12-b863-aba89fdd2753,perforation.sex,available,154.98,,68,7,11,namecheap,,
32ed4965-12f8-4983-ab86-8e5b595aeb8b,setonfoot.sex,available,154.98,,69,1,11,namecheap,,
32f7cbd2-b31c-4669-92d9-30640ad1a061,aboutfaced.sex,available,179.99,,48,1,11,name.com,,
33093426-ddf4-4d06-b10e-ab20e6575a3c,grayhaired.sex,available,154.98,,64,5,11,namecheap,,
33158397-30a8-4dbf-b2be-859d84105a4c,lunchware.sex,available,154.98,,78,1,9,namecheap,,
333372f2-7afe-4cd6-9c4a-38e85cee0fad,rumorhasit.sex,available,154.98,,47,2,12,namecheap,,
3350a25e-0b8a-42a8-a11c-7215ad7d4f71,giveatry.sex,available,154.98,,56,2,10,namecheap,,
335d3d5b-81e7-4496-a778-1f829c2aef6a,mealdeal.sex,available,154.98,,76,6,9,namecheap,,
336292d4-8cf2-4ac6-940b-8d23bd9fd081,coldrubber.sex,available,154.98,,62,4,11,namecheap,,
3366138c-6e67-491e-81c8-5e3ce0a66f65,geeks.sex,available,154.98,,54,21,5,namecheap,,
337cecc1-df4d-4ec2-ae77-939155336dae,havethefloor.sex,available,154.98,,64,1,14,namecheap,,
3381e1a8-f75d-4210-a747-1de1868aa8ff,stirup.sex,available,154.98,,82,3,7,namecheap,,
3391c07b-046f-4a02-9173-5c9424717d5f,splithairs.sex,available,154.98,,66,2,11,namecheap,,
33a22c09-2fce-41c5-a2db-87cab53a3dde,patientcare.sex,available,154.98,,79,8,11,namecheap,,
33b299f1-18f5-4dcc-9ccb-c73ff79c878b,moneyisnoobject.sex,available,154.98,,50,1,18,namecheap,,
33be4181-94a3-44c2-8633-d2134b22bc7f,bedofroses.sex,available,154.98,,74,6,12,namecheap,,
33e90088-0d5e-4286-af33-afe97015c205,proxybattle.sex,available,154.98,,44,1,12,namecheap,,
33f193a6-5612-49ac-9086-aa424b78c14f,manypartedness.sex,available,154.98,,64,1,15,namecheap,,
33f7d14f-8022-475a-a499-80d47148404e,inwaiting.sex,available,154.98,,50,1,10,namecheap,,
33f7d81b-8fc1-42e2-adb5-260e7db2e5fa,ghosts.sex,available,154.98,,48,14,6,namecheap,,
33fced93-1b0f-4fdd-b096-50d95ff13903,gomissing.sex,available,154.98,,70,1,10,namecheap,,
34169905-6a62-4ba6-ab46-3898b0d1668c,Canadas.sex,available,154.98,,52,7,7,namecheap,,
341d0b83-8beb-4084-a611-ac64c9c0ed53,breastfeeding.sex,available,154.98,,66,10,13,namecheap,,
341e81be-3877-4b47-a0d1-904df9db8708,Streets.sex,available,154.98,,70,16,7,namecheap,,
3422eb78-0c47-4df2-85a8-304739943ce8,Rhianna.sex,available,154.98,,81,3,7,namecheap,,
34237c0a-5240-43c9-8d42-ccf8924001e6,runwith.sex,available,154.98,,70,5,8,namecheap,,
343fd431-fc28-43c2-bef0-ccd2f5dbf200,arrivingat.sex,available,154.98,,50,1,11,namecheap,,
34548018-7ca3-4a22-8e8a-2fdc3459f027,paths.sex,available,154.98,,53,13,5,namecheap,,
3465c7f0-a1eb-4323-a969-21b3ef4a17b4,keeptrack.sex,available,154.98,,76,8,10,namecheap,,
346dbf79-7667-44e8-96b7-fe328232a162,socioeconomic.sex,available,154.98,,54,1,13,namecheap,,
34703947-5c18-41ce-afb7-d8b89bb81d42,highsociety.sex,available,154.98,,73,8,12,namecheap,,
347f8ac8-66dc-464c-9c92-7610eb8b48fd,Ineedaguide.sex,available,154.98,,50,1,14,namecheap,,
34848753-84ec-46c3-9ed6-a6e08dd97eef,heckno.sex,available,154.98,,72,1,7,namecheap,,
349a939c-ef97-414c-afa5-a4bc8d00d70a,givingbirth.sex,available,154.98,,89,2,12,namecheap,,
349af88e-589b-4b86-b932-05672213fba0,femalealpha.sex,available,154.98,,72,1,12,namecheap,,
349f5bd7-441c-4be1-a28d-3be0413ce3a8,neverending.sex,available,154.98,,66,17,12,namecheap,,
34a6ea62-34fb-4629-92b3-99501683986b,stadia.sex,available,154.98,,66,22,6,namecheap,,
34aa3ed1-71d9-4df1-919e-1b2ccc0b169b,inthecan.sex,available,154.98,,50,1,10,namecheap,,
34b68bdc-481a-4874-99bb-22a2d47d0eca,neighboring.sex,available,154.98,,67,5,11,namecheap,,
34bb10d3-9451-4d2f-90b4-97d4bbb92db4,officestaff.sex,available,154.98,,57,2,12,namecheap,,
34dbef1b-4bd9-494a-a434-14dd33ab191e,burnunit.sex,available,154.98,,60,1,9,namecheap,,
34e445eb-ca2f-47b8-8520-8f3f76dce650,rootabout.sex,available,154.98,,66,1,10,namecheap,,
353763af-f607-4059-9333-206ec218b3ab,McMuffin.sex,available,154.98,,86,2,8,namecheap,,
354ccfd1-fdc8-4b92-a58c-e7d0eeaa626b,aswhat.sex,available,154.98,,56,7,7,namecheap,,
354e759f-9e02-449a-9a6f-c474d51f6363,tourists.sex,available,154.98,,58,7,8,namecheap,,
35705058-b0f4-49d9-9a52-e996ea7acf3c,goit.sex,available,154.98,,76,7,5,namecheap,,
3578047d-6c77-4e3f-b2bf-2b0e1f260cab,ifyouaskme.sex,available,154.98,,53,1,13,namecheap,,
35970f28-961a-4029-bc15-fa69fba1cda9,backalley.sex,available,154.98,,62,5,10,namecheap,,
35c89fcc-99b7-4af6-bf17-a65f5e09f03f,grandparents.sex,available,154.98,,68,5,12,namecheap,,
35e63ce5-b850-4ada-9a97-d09ea55a4536,resulted.sex,available,154.98,,46,2,8,namecheap,,
35eb7220-1c83-4cb6-be17-e5c6d7c4ee28,WhatsApp.sex,premium,,,90,84,8,,,
35ee8c32-a3d8-42bd-adc9-c860907d3d21,fellowfeeling.sex,available,154.98,,62,1,14,namecheap,,
35f67999-1f03-4cee-b5a8-043c9e7b6867,HoChiMinhCity.sex,available,154.98,,64,7,16,namecheap,,
360f8a77-f65d-44d4-9600-16373ce93a91,showofhands.sex,available,154.98,,70,7,13,namecheap,,
36457cbb-6f48-4e50-8dd8-57e46a691d68,outofoffice.sex,available,154.98,,61,19,13,namecheap,,
365a6b82-d6f1-4bd5-971a-d1d64292ef19,newsarticle.sex,available,154.98,,46,2,12,namecheap,,
365c889b-d06e-4441-94e1-1d9b69e36eaf,letsgo.sex,available,154.98,,57,31,7,namecheap,,
36603e3d-5586-4dfe-a41a-63e412f3171d,waterfountain.sex,available,154.98,,70,4,14,namecheap,,
36663585-0c62-4820-8602-e1db99f4ea65,sentiments.sex,available,154.98,,56,6,10,namecheap,,
3682f665-7f88-4c49-beff-4b5fbe33d57f,outsideof.sex,available,154.98,,52,0,10,namecheap,,
3684e757-a274-4aa1-a022-e1c329c27e6a,coffeeman.sex,available,154.98,,80,4,9,namecheap,,
368a6b41-dda4-4c76-9648-35e903f94bf9,halfassed.sex,available,154.98,,56,1,10,namecheap,,
36915ab4-99cb-4d39-ba5c-6b81e18465ec,reflections.sex,available,154.98,,53,16,11,namecheap,,
36970146-8695-4c0e-bd24-00e71ec6685b,WestCoast.sex,available,154.98,,70,21,10,namecheap,,
3698ba0d-3c88-4c07-9043-52eb28e3172f,makelemonade.sex,available,154.98,,72,4,13,namecheap,,
369f2667-17a0-4a70-a898-b2683c1b510c,Frenchvanilla.sex,available,154.98,,54,1,14,namecheap,,
36b09e3c-c35e-4ac2-9d60-249131b9312a,rescheduling.sex,available,154.98,,70,1,12,namecheap,,
36ca2149-1136-47c7-954d-aa65266f4d23,atthemoment.sex,available,154.98,,70,3,13,namecheap,,
36d58d34-b4c2-4370-8799-bbbe88a720e7,soundlike.sex,available,154.98,,64,5,10,namecheap,,
36dae13c-2566-467e-8d79-57ed299a84aa,BigMacsauce.sex,available,154.98,,70,1,13,namecheap,,
36e37d53-fb23-4f65-ad38-01b724faa280,givesomeoneahand.sex,available,154.98,,68,11,19,namecheap,,
36e74c4e-0d00-4a2f-b8ce-15fde574610d,GreatBarrierReef.sex,available,154.98,,64,4,18,namecheap,,
3716351c-a26f-4814-a1e6-ec5db6f4f140,slept.sex,available,154.98,,50,7,5,namecheap,,
371d52a0-df31-4f46-9623-f061dee31607,filewith.sex,available,154.98,,68,2,9,namecheap,,
372c4439-d980-44b8-9f33-f37244c68aa9,Gregorio.sex,available,154.98,,66,7,8,namecheap,,
372ddd95-9fac-43aa-95f7-1acc6d9ead00,Iamafraidofthis.sex,available,154.98,,44,8,19,namecheap,,
373707b1-95e5-49a9-a513-5a5b0817a085,reallife.sex,available,154.98,,68,17,9,namecheap,,
373f42f4-7387-45ce-92ca-6e503bd4bd0f,cheesefries.sex,available,154.98,,74,1,12,namecheap,,
3740dc85-9f39-469c-9155-de584ccf7236,footballmatch.sex,available,154.98,,80,12,14,namecheap,,
3756d777-f202-46a1-a674-7f3d52f53036,overeasy.sex,available,154.98,,68,8,9,namecheap,,
375797ba-5275-473a-a0dd-82f8f4c0bb49,estimating.sex,available,154.98,,50,7,10,namecheap,,
376aba42-ef9a-4944-adcd-1e78b82a2624,principally.sex,available,154.98,,60,1,11,namecheap,,
376b102c-2f3b-4101-ba43-21d687c79466,coffeeroyal.sex,available,154.98,,80,1,12,namecheap,,
377cbf2e-5f8a-47ce-84d9-2ad01ebe724c,commonsense.sex,available,154.98,,86,30,12,namecheap,,
3792679e-be3c-4d35-b947-3a913e3ee1b5,clearsailing.sex,available,154.98,,72,1,13,namecheap,,
379fc67c-8b82-460b-aac2-42c2d9647b07,lettertelegram.sex,available,154.98,,45,1,15,namecheap,,
37a4f129-d256-4158-b72f-2812d7596e90,highend.sex,available,154.98,,72,17,8,namecheap,,
37a70378-10ea-4e6a-bc60-a9da9188dcc4,setaside.sex,available,154.98,,75,3,9,namecheap,,
37a93726-68d8-41b7-9873-1ee0aa7a6174,dresses.sex,available,154.98,,58,10,7,namecheap,,
37bef886-c0ac-4fee-9bc2-188b3fc38ed2,banked.sex,available,179.99,,50,13,6,name.com,,
37cc17a8-e861-401e-a38b-33fd90cbf312,photocopying.sex,available,154.98,,68,2,12,namecheap,,
37fa7741-f0a5-45e6-948f-abc9916d6223,getoutta.sex,available,154.98,,54,1,9,namecheap,,
3804823b-3c5c-4d17-8006-38e013d00bf7,Remington.sex,available,154.98,,80,13,9,namecheap,,
380ca8a5-7646-483a-960b-c0e205aed0b9,remotecontrol.sex,available,154.98,,72,12,14,namecheap,,
381379ea-6130-4014-a10b-ae35a33a4ef4,waxpaper.sex,available,154.98,,66,2,9,namecheap,,
381e3252-230f-4cf8-bf2e-284ecc3913b8,Englishspeaking.sex,available,154.98,,58,3,16,namecheap,,
3822799d-033b-43a6-9567-ccaa2791f277,Liam.sex,available,154.98,,81,32,4,namecheap,,
3824af27-edf8-4dd9-8b8c-dfca919f4ebe,brings.sex,available,154.98,,52,8,6,namecheap,,
3824f95d-0103-46f0-97b9-05128cb18d87,attorneygeneral.sex,available,154.98,,60,4,16,namecheap,,
382e85fe-2cd7-46c0-a82a-31ec2cfd55af,getonto.sex,available,154.98,,74,3,9,namecheap,,
3834d3e9-5234-4173-a6b7-093a12952e65,useto.sex,available,154.98,,72,2,6,namecheap,,